COD_CHAVE;DESCRITOR;RESUMOS
95;4-Nitroquinolina-1-Óxido;PNc190
119;Abandono do Fumo use Abandono do Hábito de Fumar;PIf117, PNf229
120;Abandono do Hábito de Fumar;PNd163
122;Abandono do Tabagismo use Abandono do Uso de Tabaco;PIe104, PIf101
125;Abastecimento de Água;PIf142, PNc082
2010;Abrasão Dental por Ar;PNa100, PNe142, PNf115, PNf217
2011;Abrasão Dentária;PIa024, PId083, PNb092, PNb099, PNb110, PNb122, PNe136, PNe246, PNf160
2012;Abrasão dos Dentes use Abrasão Dentária;PIf073
2051;Abscesso Periapical;PIa021
2060;Absenteísmo;PIc134, PNa255
2071;Absorciometria de Fóton;HA019
2090;Acabamento Dentário use Polimento Dentário;PNb176
2114;Ação Intersetorial;PIe135, PNc259
2142;Acesso à Informação;PNc109, PNc119
2144;Acesso aos Serviços de Saúde;PIb043, PIc102, PIc132, PId129, PIe142, PNa261, PNd255
2175;Acetato de Zinco;PNc233
2186;Acetilação;PNc183
2252;Acidentes;PNa243
2255;Acidentes de Trânsito;PIb139, PIc139, PIe140
2269;Acidez;PIe058, PNa050, PNd131
2273;Acidificação;PNd035
2300;Ácido Clorídrico;PNe121
2311;Ácido Etidrônico;PId019, PNe112
2313;Ácido Fluorídrico;PNe101, PNf137, PNf217
2340;Ácido Peracético;PIc026, PIe096, PNe049
2344;Ácido Poliglicólico;AO011, PIa006
2416;Aço Inoxidável;PNd107
2420;Acolhimento;PE004
2438;Aconselhamento;PNf188
2489;Actinobacillus actinomycetemcomitans;PNd200
2501;Actinomyces;PNa213
2507;Açúcar;PNa256
2520;Acupuntura Auricular;PNa194
2527;Adaptação;PNa147, PNa197, PNb202, PNf196
2532;Adaptação Marginal (Odontologia);PIa101, PNa196, PNa200, PNa201, PNa207, PNe197, PNf126
2601;Adenoma Pleomorfo;PNb229
2645;Aderência Bacteriana;AO052, PIa031, PIb054, PIc031, PNe006, PNf253
2657;Adesividade;PIb049, PNd041, PNe044, PNf020, PNf025, PNf037, PNf053
2662;Adesivos;AO071, PId085, PId086, PIe049, PIe051, PIf038, PIf072, PIf074, PNa128, PNa154, PNb130, PNe110, PNe195, PNf099, PNf134, PNf174, PNf185, PNf198
2663;Adesivos Dentinários;HA012, AO083, PIa067, PIa070, PIa077, PIa079, PIb064, PIb082, PIb084, PIc065, PIc084, PId071, PId080, PIe056, PIe089, PNa094, PNa095, PNa104, PNa110, PNa116, PNa123, PNa129, PNa130, PNa133, PNa137, PNa150, PNa157, PNb023, PNb087, PNb088, PNb090, PNb098, PNb101, PNb103, PNb110, PNb123, PNb127, PNb138, PNb140, PNb146, PNb154, PNb155, PNb158, PNc087, PNd022, PNd090, PNe096, PNe098, PNe100, PNe117, PNe128, PNe137, PNe141, PNe142, PNe162, PNe163, PNe168, PNf098, PNf100, PNf103, PNf107, PNf110, PNf124, PNf132, PNf133, PNf137, PNf140, PNf159, PNf172
2677;Adipócitos;AO001
2706;Administração de Materiais no Hospital;PNe125
2719;Administração em Saúde Pública;AO151
2762;Adolescência use Adolescente;PIa119, PNd223
2763;Adolescente;AO147, AO153, PO009, PIa134, PIb047, PId046, PId050, PId136, PIf133, PNb045, PNb047, PNb220, PNb252, PNb259, PNb266, PNc133, PNc134, PNc245, PNd121, PNd161, PNd262, PNe253
2812;Adulto;PIc140, PId133, PNc262, PNd155, PNd253
2891;Aftas use Estomatite Aftosa;PNb235
2955;Agente de Controle de Microorganismos use Agentes de Controle de Microrganismos;PNc112
2967;Agentes Antibacterianos;AO071, PIb027, PIb060, PNa166, PNc220, PNe096, PNe261
3002;Agentes Cimentantes use Cimentos Dentários;PIe092
3005;Agentes Colorantes use Agentes Corantes;PNe116
3008;Agentes Corantes;PIc095, PNa107, PNd031, PNe131
3013;Agentes de Controle de Microrganismos;PIa029, PIb028, PIe068, PIf027, PNd145
3036;Agentes Fotossensibilizantes;PIa067
3048;Agentes Indutores da Angiogênese;PNa216, PNa224
3131;Agressão;PId138, PNd009
403;Ajuste de Prótese;PNb176
443;Alcalinização;PNc044
482;Alcoolismo;AO134, PIa120, PIe103, PIf127
504;Aleitamento Materno;AO124, PIa045, PIb039, PIb046, PNb040, PNd084, PNd113
510;Alendronato;AO008, AO017, PIc003, PIe007, PNe257, PNe262, PNf015, PNf247
518;Alergia e Imunologia;PNc238
541;alfa-Amilase;PNb235
206;Alginatos;PIe069, PNf166
232;Alimentos;COL003
249;Alimentos Industrializados;PIf021
364;Alumínio;PId128
570;Alvéolo Dental;PNb238, PNc004, PNe010
571;Alvéolo Seco;PNd171
627;Ameloblastoma;PId114, PNa211, PNb227, PNb239
629;Amelogênese;HA006
718;Aminoácidos, Peptídeos e Proteínas;PNb005
820;Amoxicilina;FC019, PIa033, PNe017
831;Ampliação Radiográfica;PNd124
837;Amplitude de Movimento Articular;PIf090
879;Analgesia;PNf186
892;Análise Biológica;PNf057
901;Análise de Conseqüências;AO048
902;Análise de Dados;PNd009
903;Análise de Elemento Finito;AO076, PIa094, PIa096, PIb095, PIf093, PNa208, PNb065, PNb166, PNb207, PNc010, PNe178, PNe196, PNe206, PNf214
916;Análise de Sobrevida;PNb240, PNd228
925;Análise do Estresse Dentário;PNe196, PNe212
933;Análise Espectral Raman;AO079, PNe168
934;Análise Estatística;PIf076
935;Análise Ética;PNb267
939;Análise Físico-Química;PNf057
941;Análise Microbiológica;AO037, AO043, AO066, PIa021, PNc050
944;Análise Numérica Assistida por Computador;AO099
950;Análise Quantitativa;PNe111
960;Anamnese;PE004
977;Anatomia;PIb004, PIb109, PId007, PNc172, PNe005, PNf016
1031;Anemia de Fanconi;PIa105, PIc106, PNd178, PNd179
1033;Anemia Falciforme;PIb110, PIc110, PNd070, PNd245
1068;Anestesia e Analgesia;PNf006
1073;Anestesia Local;PId032, PId033, PNe087, PNe093
1089;Anestésicos Locais;PId126, PNd004, PNf085
1201;Anidrases Carbônicas;PNd122
1254;Anodontia;PId113
1262;Anomalias Congênitas use Anormalidades Congênitas;PId135
1264;Anomalias Dentofaciais use Anormalidades Maxilofaciais;PIb055, PNa042, PNc003
1283;Anormalidades Craniofaciais;PIf003, PNf017
1285;Anormalidades da Boca;PNa061
1287;Anormalidades Dentárias;PNa052, PNa053
1321;Ansiedade;PO011, PIb104, PIb116, PNa198, PNa259, PNc193, PNc244, PNc249
1322;Ansiedade ao Tratamento Odontológico;AO115, PIa131, PIa134, PId041, PIe041, PNb025, PNc130
1632;Anti-Sépticos Bucais;PIb041
1372;Antiácidos;PNa114
1378;Antibioticoprofilaxia;PIa033, PIc047, PNe017
1405;Anticorpos;PIe113, PNf260
1471;Antígeno Ki-67;PNc170
1504;Antígenos CD34;PNf013
1533;Antígenos de Bactérias;PNf073
1562;Antígenos HLA;PIb112
1584;Antiinfecciosos;PId097, PNd054, PNf219
1588;Antiinflamatórios não Esteróides;PNd180
1612;Antioxidantes;AO031, PIc018, PIe031, PIf058, PNa127, PNa151, PNc204, PNd071, PNf153, PNf163
1665;Antropologia Forense;PIb002, PIb009, PNa222, PNe010
1666;Antropometria;PIb047, PIe085, PNb169, PNb178, PNd129
1675;Aorta;PId127
1690;Aparelhos de Tração Extrabucal;PIc048
1691;Aparelhos Ortodônticos;AO109, PId051, PIe138, PNc154
1692;Aparelhos Ortodônticos Funcionais;PNc083
1693;Aparelhos Ortodônticos Removíveis;PId050
1694;Aparelhos Ortopédicos;PIc054, PId051, PNa038, PNd109
1709;Ápice Dentário;PIb017, PId018, PIe011, PIe020
1710;Apicectomia;PNe024
1715;Apis mellifica;PNe083
1727;Apnéia do Sono Tipo Obstrutiva;PNb264
1763;Apoptose;PNc229
1773;Aprendizagem;PE002, PE007
1774;Aprendizagem Baseada em Problemas;PIf132
1796;Aptidão Física;PNf258
1868;Arcada Parcialmente Edentada;PIf096
1869;Archaea;PNe239, PNf238
1874;Arco Dental;PId099, PNa039
1922;Argônio;PNe202
1947;Armazenagem de Produtos;PNe141
1949;Armazenamento de Água;PIf029, PNa133, PNb103
1954;Armazenamento de Substâncias, Produtos e Materiais;PNe141
1998;Artefatos;PNd172
3238;Articulação Temporomandibular;AO090, AO094, AO126, PIc033, PId091, PIf090, PIf091, PNa199, PNa203, PNb172, PNb203, PNc122, PNc184, PNd191, PNe004, PNe182, PNe198, PNf186
3247;Articuladores Dentários;PNa170
3256;Artralgia;PNc008, PNe190
3257;Artrite;PIc043, PNc173
3258;Artrite Experimental;PNd204
3263;Artrite Reumatóide;AO090, AO094, PIa124
3271;Artropatias;PNc184
3328;Asma;AO125, PNc118
3374;Assimetria Facial;PNa025, PNf005
3378;Assistência a Idosos;PIe140, PNb242, PNb258
3379;Assistência à Saúde;AO155
3396;Assistência Odontológica;PIa135, PIc135, PId142, PNa011, PNd253
3397;Assistência Odontológica Integral;PNa247, PNb257
3398;Assistência Odontológica para Crianças;AO113, PNb083
3400;Assistência Odontológica para Idosos;PIb147, PIb148, PNa264, PNc265
3401;Assistência Odontológica para Pessoas Portadoras de Deficiências;PIe139, PNa068
3412;Assistentes de Odontologia;PNa015
3455;Ataque Ácido Dentário;PIc089, PNb160, PNe097, PNe171
3467;Atenção à Saúde;PIa141, PIa145, PId142
3469;Atenção Primária à Saúde;PIb130, PIb135, PIe142, PNa249, PNa257, PNb257, PNd264
3471;Atenção Secundária à Saúde;PIb129, PIf134, PNb257, PNc247, PNd258
3481;Atestado de Saúde;PIc134
3576;Atrofia;PNc003
3593;Audição;PNb199
3605;Auditoria Odontológica;PNd265
3607;Aulas;PE001
3640;Autocuidado;AO089
3657;Automedicação;PIa132, PNd054
3689;Avaliação;PE005, PIa011
3701;Avaliação de Eficácia-Efetividade de Intervenções;AO084, PIc090, PIe087
3707;Avaliação de Programas e Instrumentos de Pesquisa;PNb126
3711;Avaliação de Resultado de Intervenções Terapêuticas;PNf001
3713;Avaliação de Serviços de Saúde;PIf134, PNc247
3714;Avaliação Educacional;PE009, PE012, PIb132, PIc142
3716;Avaliação em Saúde;PNa244, PNa249
3723;Avanço Mandibular;HA009, AO127, PNb064, PNb066, PNc113, PNd083, PNf005
3748;Avulsão Dentária;PId036, PIe018, PIf040, PNa019, PNb034, PNd247
3775;Azitromicina;PNd232
3795;Azul de Metileno;PIc029
3835;Bacilos Gram-Negativos Anaeróbios Facultativos;PId026
3847;Bactérias;PIa028, PIa029, PIb059, PIc030, PIe068, PIf028, PNa129, PNa213, PNc034, PNc065, PNd210
3850;Bactérias Anaeróbias;AO023, PNd243
3853;Bactérias Gram-Negativas;PIf020
3856;Bactérias Gram-Positivas;PIc034
3861;Bacteriemia;PIc047
3989;Bases de Conhecimento;PIb146
3999;Bases de Dentadura;PNe217
4019;Bebidas;PIb070, PIc023, PIc038, PIe024, PIf062, PNb159, PNd131
4020;Bebidas Alcoólicas;PIa022
4146;beta-Ciclodextrinas;PNd068, PNd171
4225;Bifidobacterium;PIc041
4246;Biofilmes;HA003, HA004, HA005, HA008, FC009, PR009, PR013, AO038, AO039, AO043, AO046, PIa010, PIa027, PIa118, PIb060, PIc034, PIc074, PId026, PId027, PId055, PIe026, PIf023, PIf024, PIf147, PNa036, PNa076, PNa093, PNa160, PNa173, PNa176, PNa209, PNb170, PNb174, PNb177, PNc024, PNc060, PNc063, PNc079, PNc208, PNc210, PNc215, PNd092, PNe054, PNe071, PNe073, PNe077, PNe078, PNe084, PNe090, PNf023, PNf067, PNf070, PNf077, PNf086, PNf087, PNf156, PNf181, PNf200
4261;Biologia Molecular;AO066, PIa008, PIb111, PNc088
4264;Biomecânica;AO103, PIa064, PId099, PIf099, PNa074, PNa175, PNa191, PNb003, PNb166, PNc010, PNc211, PNe002, PNe018, PNe178, PNe184, PNe201, PNe204, PNe231, PNe244, PNe267
4269;Biopolímeros;PNa102, PNf083
4271;Biópsia;PNb228, PNc192
4298;Bis-Fenol A-Glicidil Metacrilato;PIa068
4303;Bismuto;PNe021
4348;Bloqueio Nervoso;PId032
4357;Boca;PIa107
4449;Bovinos;PNf233
4463;Braquetes;PNa044, PNd135
4464;Braquetes Ortodônticos;PIa050, PIa055, PIb049, PIb054, PId054, PIe035, PIf054, PIf078, PNa012, PNa013, PNa034, PNa055, PNa066, PNa074, PNa079, PNb019, PNb026, PNb031, PNb117, PNb124, PNc088, PNc114, PNd065, PNd089, PNd153, PNd162, COL006
4467;Brasil;PIa107, PNa218
4550;Bruxismo;HA016, AO104, PIe139, PNb021, PNd096, PNd242
4551;Bruxismo do Sono;AO018, AO116, PId047, PNb021, PNb024, PNb035, PNb045, PNc118, PNc138, PNd158, PNe214
4699;Café;PIc075, PNc157, PNe067
4700;Cafeína;AO132, AO138, PIb121
4732;Calcificação de Dente;PId107
4737;Calcinose;PNc195
4738;Cálcio;PIa087, PIc040, PIc080, PId045, PNc037, PNc115, PNe032
4802;Camada de Esfregaço;PIc020, PNc046, PNc047, PNf059
4821;Camellia sinensis;PIb008, PIc084
4857;Camundongos Endogâmicos C57BL;PNd034
4946;Câncer Ocupacional;PIf145
4952;Candida;PIf025, PNb002, PNb201, PNc074, PNc080, PNc127, PNd053, PNe194, PNf079, PNf093, PNf181
4953;Candida albicans;AO026, AO039, AO046, PIa071, PIb013, PId025, PId030, PIe025, PIe033, PIf018, PIf026, PIf104, PNa225, PNb192, PNc058, PNc064, PNc066, PNc079, PNc255, PNd058, PNd060, PNd072, PNd080, PNd126, PNe065, PNe069, PNe076, PNe077, PNe084, PNf067, PNf071, PNf082, PNf211
4955;Candida tropicalis;PNe069
4957;Candidíase Bucal;PId110, PIf025, PIf104, PNc080, PNd060, PNf211
4967;Cannabis;PIe101
4991;Capeamento da Polpa Dentária;AO074, AO112, PIe062
5068;Caráter;PIe134
5109;Carbono;PNe210
5136;Carcinógenos;PIf145
5138;Carcinoma;PIc114, PIf112, PNa229
5153;Carcinoma de Células Escamosas;AO141, PIa112, PIb112, PIb113, PIf102, PIf110, PIf114, PNa210, PNa215, PNa233, PNb233, PNc174, PNc186, PNd181, PNd188
5201;Cardiopatias;PIc119
5202;Cardiopatias Congênitas;PNa073
5227;Cárie Dentária;FC008, PR003, AO114, AO118, AO119, AO120, AO150, PO002, PIa023, PIa025, PIa027, PIa039, PIa040, PIa041, PIa044, PIa129, PIa138, PIb025, PIb026, PIb037, PIb038, PIb081, PIb137, PIb143, PIb145, PIc036, PIc041, PIc043, PIc044, PIc130, PIc140, PIc141, PId037, PId039, PId042, PId044, PId145, PIe039, PIe043, PIe045, PIe132, PIe133, PIe138, PIf036, PIf039, PIf045, PIf046, PIf064, PIf119, PIf130, PIf133, PIf136, PIf138, PIf140, PIf142, PIf144, PNa007, PNa008, PNa023, PNa031, PNa058, PNa060, PNa069, PNa078, PNa085, PNa160, PNa236, PNa251, PNa256, PNa258, PNb017, PNb018, PNb029, PNb036, PNb038, PNb041, PNb046, PNb047, PNb050, PNb053, PNb056, PNb059, PNb061, PNb078, PNb141, PNb165, PNb212, PNb266, PNc054, PNc065, PNc084, PNc088, PNc089, PNc091, PNc092, PNc102, PNc109, PNc111, PNc115, PNc116, PNc117, PNc124, PNc129, PNc131, PNc135, PNc136, PNc137, PNc148, PNc153, PNc156, PNc242, PNc253, PNd056, PNd073, PNd076, PNd077, PNd078, PNd079, PNd099, PNd101, PNd102, PNd119, PNd132, PNd137, PNd152, PNd245, PNd249, PNd257, PNe066, PNe079, PNe080, PNe106, PNe107, PNe108, PNf114, PNf121, PNf122, PNf123, COL002, COL004
5228;Cárie Radicular;PNc252, PNe145, PNe169, PNf070, PNf088
5232;Cariostáticos;PId044, PNb052
5268;Carticaína;PNd015, PNd068, PNe087, PNf018
5305;Caseínas;PNb061
5370;Catequina;PId071
5372;Cateterismo;PNe045
5418;Cavidade Pulpar;AO029, PIa059, PIa062, PIb013, PIb017, PIb062, PIf061, PNb241, PNc026, PNc175, PNe028, PNe031
5450;Cefaléia;HA016, PNa189, PNa198, PNf195
5515;Células Cultivadas;PIe117
5535;Células Epiteliais;PNf069
5543;Células Gigantes;PIb113, PNb216
5603;Células-Tronco;AO005, AO062, PId009, PIf001, PIf002, PNc097, PNc240, PNd045, PNd148, PNe004, PNe030, PNe057, PNf026
5604;Células-Tronco Adultas;AO007, PIa002, PNa102, PNe016, PNe040
5609;Células-Tronco Mesenquimais;PId002, PIe117, PNc052, PNd239
5616;Celulose;PNf176
5620;Cemento Dentário;PIb022
5689;Cerâmica;HA014, AO070, AO081, AO091, AO095, AO100, AO106, PIb099, PIc059, PIc066, PIc098, PId068, PId073, PId082, PIe080, PIe098, PIf098, PNa055, PNa100, PNa105, PNa106, PNa109, PNa115, PNa134, PNa138, PNa146, PNa149, PNa159, PNa177, PNa180, PNa181, PNb026, PNb086, PNb111, PNb119, PNb143, PNb145, PNb160, PNb161, PNb171, PNb177, PNb181, PNb205, PNb208, PNc114, PNd089, PNe114, PNe138, PNe143, PNe165, PNe166, PNe176, PNe188, PNe202, PNf097, PNf115, PNf117, PNf131, PNf135, PNf137, PNf138, PNf147, PNf173, PNf177, PNf183, PNf210, PNf217
5695;Ceratinócitos;PNf083
5746;Cerveja;PNf116
5782;Chalconas;PIc056
5815;Chenopodium ambrosioides;PIa032, PIe034, PNb210, PNd071
5886;Chumbo;PIb021
5888;Chupetas;PIa045
5912;Cicatrização de Feridas;HA020, AO065, PIe124, PIf007, PIf116, PNc002, PNd221, PNf226
5952;Ciclofilina A;PNd195
5969;Ciclosporina;PIf116
5986;Ciência;PE013
6015;Cimentação;AO068, AO099, PIa080, PIc092, PIe060, PNa090, PNa178, PNa188, PNa192, PNb015, PNb089, PNb119, PNe099, PNe132, PNe138, PNe187, PNf117, PNf151, PNf183
6020;Cimento de Silicato;HA013, AO030, AO034, PIc016, PNe040, PNf037
6022;Cimentos de Ionômeros de Vidro;PIa023, PIb065, PIb070, PIb081, PIc060, PIc067, PId037, PIf082, PNa036, PNa076, PNa088, PNb018, PNb056, PNb148, PNb154, PNc145, PNd094, PNd145, PNd187, PNe173, PNf065, PNf146, PNf161, PNf164, PNf176
6023;Cimentos de Resina;AO073, AO077, AO092, PIa066, PIb076, PIb082, PIb084, PIc068, PIc079, PId068, PId073, PId077, PId082, PIe080, PIf070, PIf081, PNa103, PNa112, PNa117, PNa119, PNa120, PNa135, PNa145, PNa147, PNa148, PNa159, PNa165, PNb086, PNb089, PNb100, PNb113, PNb135, PNb143, PNb165, PNe165, PNe173, PNe186, PNf024, PNf094, PNf127, PNf131, PNf170
6024;Cimentos Dentários;FC004, AO092, PIc057, PIc092, PIf078, PNa115, PNa134, PNb116, PNb124, PNb152, PNb161, PNc027, PNc033, PNc039, PNc041, PNc045, PNd021, PNd024, PNd051, PNe026, PNe058, PNe155, PNe158, PNe173, PNf022, PNf043, PNf050, PNf105, PNf132, PNf135, PNf197
6038;Cinema como Assunto;PO008
6044;Cinesiologia Aplicada;PNb191
6046;Cinética;PIa058
6059;Cinnamomum zeylanicum;PIe025, PNf079
6097;Circunferência Craniana;PNa080, PNd007
6106;Cirurgia;AO131, PIc007, PIc008, PId140, PIe006, PIe008, PNd083, PNe001, PNe261
6108;Cirurgia Bariátrica;PNe009
6109;Cirurgia Bucal;AO152, PIa033, PIb005, PIb007, PId004, PId105, PIe003, PIf003, PNb219, PNb223, PNd193, PNe008, PNf006, PNf011
6116;Cirurgia Plástica;PNc224, PNe245, PNe246, PNf237
6156;Cisto Dentígero;PIa115, PNb236, PNc167
6171;Cisto Radicular;PNc167, PNc180
6172;Cisto Sinovial;PNc180
6178;Cistos;PIf113
6185;Cistos Odontogênicos;PIa115, PId112
6207;Citocinas;FC002, FC012, AO041, AO057, PIb122, PNc228, PNc235, PNd037, PNd176, PNe224, PNf019, PNf078, PNf221
6232;Citodiagnóstico;PIf102
6236;Citologia;PIe111, PIf101, PIf104, PNa226, PNd163
6241;Citoplasma;PId002
6248;Citotoxicidade Imunológica;AO028, PNf078
6276;Clareamento de Dente;PR008, PR010, AO031, PIa084, PIb072, PIb073, PIb083, PIc066, PIc078, PIc080, PIc083, PId064, PId072, PId084, PIf066, PIf080, PNa111, PNa121, PNa124, PNa127, PNa136, PNa144, PNa151, PNa163, PNb101, PNb109, PNb125, PNb126, PNb138, PNb139, PNb162, PNb164, PNf028, PNf096, PNf153
6280;Classe Social;PNc244
6322;Climatério;PNc057
6330;Clínicas Odontológicas;PNc165, PNe157
6345;Clonagem Molecular;PNe086
6394;Clorexidina;HA012, PR002, PR006, AO032, PO007, PIb014, PIc014, PIc046, PIf013, PNa036, PNa076, PNa087, PNa094, PNa150, PNb098, PNb127, PNb148, PNb183, PNc090, PNc110, PNc210, PNc233, PNd049, PNd064, PNd072, PNd094, PNd099, PNd137, PNd232, PNe034, PNf033, PNf164
6416;Clorofila;PNf074
6496;Cobalto;PNf253
6501;Cobertura de Serviços de Saúde;AO149, PO005
6503;Cobertura de Serviços Públicos de Saúde;PE017
6512;Cocaína Crack;PIf119, PNf232, PNf250
6514;Cocarcinogênese;PIf110
6539;Códigos de Ética;AO152
6554;Coelhos;PIe005, PNc005, PNf247
6570;Cognição;PNb242
6578;Colagem Dentária;PNa004, PNa034, PNa046, PNa066, PNa165, PNb014, PNb016, PNb031, PNb117
6581;Colágeno;AO121, PNb011, PNb090, PNb104, PNd217, PNf170
6582;Colágeno Tipo I;PNc143, PNf003
6662;Coletores;PIf043
6719;Colorimetria;AO091, PNa107, PNa135, PNb197
6813;Complemento C3b;PNf089
6871;Complexo Relacionado com a AIDS;PId103
6886;Complicações do Diabetes;PNd167
6891;Complicações na Gravidez;AO154
6905;Comportamento;PIa097
6924;Comportamento de Sucção;PIc042, PNb040, PNb253, PNd113
6935;Comportamento Infantil;AO122, PId041, PIe041, PNb074, PNc094
6944;Comportamento Sexual;PIf141
6945;Comportamento Sexual Animal;PNe251
6999;Compostos de Flúor;PId035
7064;Compostos Orgânicos;PNc158
7094;Comunicação;PE006
7099;Comunicação Celular;AO001
7101;Comunicação em Saúde;PId129
7115;Comunidades Biológicas;PNe084
7123;Concentração de Íons de Hidrogênio;AO036, PId057, PIe105, PNb139, PNb249
7146;Condições Sociais;PNe157
7177;Condutas na Prática dos Dentistas;PNb226
7179;Condutas Terapêuticas;PIf034
7180;Condutividade Elétrica;PIf061
7220;Conhecimento;AO144, PO011, PIb048, PIb140, PIc004, PIf032, PIf037, PNb226, PNc257
7223;Conhecimentos, Atitudes e Prática em Saúde;PIa011, PIa036, PIa043, PIf105, PNa248
7293;Consultórios Odontológicos;PIf029
7296;Consumo de Alimentos;PNa047
7297;Consumo de Bebidas Alcoólicas;PNc245, PNc254
7321;Contaminação;PIb010, PIb092, PIc096, PNb146, PNd226, PNe075
7324;Contaminação de Equipamentos;PR004, PNb232, PNc082
7369;Controle Comportamental;PNc094
7389;Controle de Infecções;PIb030, PNb225
7397;Controle de Qualidade;PIa108, PNb142, PNf111
7425;Convênios;PNd265
7483;Corantes de Alimentos;PNa131
7527;Coroa Dentária;HA021, PNe138, PNf173, PNf194
7528;Coroas;PNb208, PNe201
7591;Corrosão;PR011, PR012, PIf060, PNe063, PNe193, PNf048
7594;Cortactina;AO140
7595;Corte;PIe028
7653;Crânio;PNe018
7656;Craniossinostose;PNb007
7677;Creme Dental;PIb080, PNa124, PNa156, PNe159
7683;Crescimento;PIc129, PNb073, PNc096, PNc120
7688;Crescimento e Desenvolvimento;PNb058, PNc140, PNc155, PNc160, PNd082, PNd085
7696;Criança;AO115, AO116, AO117, AO118, PIc047, PId134, PIf136, PNa001, PNa029, PNa043, PNa056, PNa073, PNb002, PNb013, PNb024, PNb033, PNb039, PNb053, PNb059, PNb060, PNb078, PNb215, PNc102, PNc103, PNc117, PNc128, PNc130, PNc131, PNc135, PNd142, PNd190
7710;Crime;PIc136
7719;Criopreservação;PIf002
7742;Critérios de Qualidade da Água;PIf029
7757;Cromatografia;PIe030
7764;Cromatografia em Camada Delgada;PNe090
7767;Cromatografia Gasosa;AO129
7841;Croton;PNa003
7873;Cuidado da Criança;PNd264
7878;Cuidado Pré-Natal;AO154
7879;Cuidadores;PIb147, PIb148, PNb042
7901;Culpa;PNa005
7949;Curcumina;AO055, PIf121, PNb201, PNc055, PNc190, PNf156
7952;Curetagem Subgengival;PNc197, PNe239
7954;Currículo;PE021, PIb132, PIc142, PNd244
7969;Custos e Análise de Custo;PIf143
7985;Cymbopogon;PIe025, PNf093
8022;Dança;PO006
8097;Defensinas;PIf126, PNc206
8103;Defesa do Paciente;PNc234
8138;Deficiência de Vitamina D;PNa238
8240;Densidade Óssea;AO132, AO134, PIf109, PNa230, PNc200, PNd229, PNd233, PNe013, PNe228, PNf220, PNf225, PNf257
8241;Densitometria;HA019, PIc001, PNf014
8244;Dentaduras;PNf202
8245;Dente;PNc196, PNe075, PNe175
8246;Dente Artificial;PIa093, PId067, PId093, PNa206, PNf192
8247;Dente Canino;PIa007, PIe006, PNa009, PNb079, PNc159
8248;Dente Decíduo;AO108, AO121, PIa038, PIa042, PIa046, PIb045, PId036, PId038, PIe038, PIe119, PIf035, PIf040, PIf041, PNa053, PNa060, PNb009, PNb010, PNb062, PNb067, PNc054, PNc086, PNc089, PNc104, PNc107, PNc108, PNc137, PNc141, PNc142, PNc163, PNd045, PNd090, PNd101, PNd104, PNd112, PNd119, PNd150, PNe163
8249;Dente Impactado;PIa007, PIa110, PId004, PNa009, PNb223, PNc011
8250;Dente Molar;PIb012, PId004, PId109, PIf118, PNa046, PNc100, PNc176, PNd174
8251;Dente não Vital;PNd036, PNf187
8252;Dente não-Erupcionado;PNb236, PNc191
8253;Dente Premolar;AO085, PIa076, PIc087, PIf086, PNd175, PNe037
8254;Dente Serotino;PId005
8255;Dente Suporte;PNe200
8259;Dentição;PId134
8260;Dentição Mista;PIa051, PIa056, PIe036, PIe119, PNa069
8261;Dentição Permanente;PIb134, PId136, PNa028, PNb051, PNd095, PNd153, PNf065
8262;Dentição Primária;PNc132, PNd095
8263;Dentifrícios;FC006, FC008, AO156, PIa024, PIb071, PIb079, PIc022, PId070, PId083, PIf046, PIf080, PIf083, PNa132, PNa153, PNb044, PNb122, PNb164, PNb170, PNc208, PNd146, PNe071, PNe074, PNe095, PNe227, PNf072, PNf084, PNf092, PNf102, PNf168, COL005
8264;Dentina;AO035, AO079, PIa079, PIa080, PIa086, PIb075, PIb083, PIc060, PIc089, PIc109, PId003, PIe072, PIf085, PNa110, PNa125, PNa129, PNa137, PNb023, PNb088, PNb098, PNb104, PNb105, PNb107, PNb131, PNb141, PNb151, PNc014, PNc075, PNc087, PNc111, PNc163, PNd055, PNe029, PNe099, PNe110, PNe132, PNe133, PNe137, PNe142, PNe150, PNe168, PNe195, PNf030, PNf041, PNf065, PNf101, PNf120, PNf132, PNf133, PNf149, PNf151
8265;Dentina Secundária;PNb141
8268;Dentística Operatória;PIb065, PIc120, PIf060, PNb153, PNe105, PNf130, PNf143
8280;Depressão;PNc193, PNd254
8404;Descoloração de Dente;PNc030, PNe021
8423;Desenho de Aparelho Ortodôntico;PNb065
8437;Desenvolvimento de Pessoal;PE008, PIc142
8444;Desenvolvimento Embrionário e Fetal;PIa001
8451;Desenvolvimento Maxilofacial;AO124
8471;Desfibriladores;PIa034
8475;Desgaste de Restauração Dentária;PIe065, PNf148, PNf160, PNf167
8486;Desigualdades em Saúde;PIe133
8487;Desinfecção;PR005, AO097, PIa014, PIb026, PIb030, PId011, PId096, PIe096, PNa086, PNb128, PNb234, PNc055, PNe038, PNf056, PNf091, PNf166, PNf206
8488;Desinfecção da Água;PNc062
8491;Desinfetantes;PNb137
8493;Desinfetantes de Equipamento Odontológico;PNc062
8507;Desmineralização;PNb105, PNc060, PNc071, PNc115, PNd065, PNd140, PNe092, PNe107, PNf087, PNf090
8508;Desmineralização do Dente;PIa022, PId075, PIe021, PIe107, PIf021, PNb002, PNb162, PNd069, PNe081, COL006
8576;Destreza Motora;PNd002
8605;Determinação da Idade pelos Dentes;PNa222, PNa250, PNb215, PNb246
8621;Dexametasona;PIc002, PIe123, PNc011
8639;Diabetes Mellitus;AO019, PIa035, PIa122, PIb120, PIb122, PIc138, PId033, PId121, PId125, PIe009, PIe048, PIe108, PIf105, PNb260, PNc213, PNd167, PNd237, PNe240
8640;Diabetes Mellitus Experimental;AO047, PNf031, PNf044
8643;Diabetes Mellitus Tipo 2;HA020, FC018, FC019, PIb107, PIf125, PNc204, PNc209, PNe221, PNe236, PNe263, PNf240, PNf241, PNf249
8651;Diagnóstico;AO137, PIa044, PIa092, PIb005, PIb018, PIc053, PIe042, PIe106, PIf107, PNa045, PNa174, PNb268, PNc025, PNd056, PNd059, PNd175, PNd192, PNd249, PNe066, PNe079, PNe106
8653;Diagnóstico Bucal;AO016, PIa106, PIb106, PIc103, PIc104, PIc115, PNa220, PNb230, PNd243
8654;Diagnóstico Clínico;PIf100
8660;Diagnóstico Diferencial;PNa089
8664;Diagnóstico por Computador;PNd156
8665;Diagnóstico por Imagem;AO016, PIb018, PIb115, PNa062, PNa234, PNa236, PNa237, PNb211, PNb222, PNb224, PNc168, PNc171, PNc177, PNc191, PNd124, PNd177
8666;Diagnóstico Precoce;PId147, PIf140
8673;Diálise Renal;PNa235, PNd231
8729;Dicloroacetato;PId111
8763;Dieta;AO159, PIc038, PIe132, PNe074
8790;Diferenciação Celular;PNd071, PNe030, PNf028
8791;Diferenciação Sexual;PNc196
8801;Difosfonatos;PNc181, PNf002
8805;Difração de Raios X;PNf177
8873;Dimensão Vertical;PNb187
8957;Dipodomys;PNf073
8980;Direitos Autorais;AO157
9029;Disfunção Erétil;PNe251
9046;Dislipidemias;PIf125
9089;Dispositivos de Fixação Cirúrgica;PNf017
9117;Dissolução;PNe049, PNe112
9149;Distribuição por Raça ou Etnia;PIf048
9290;Docentes;PIb048, PIb144
9292;Docentes de Odontologia;PE014, PE015, PIf132
9294;Documentação;PIb074
9296;Documentos;PIb133
9364;Doença de Hodgkin;PNa048
9384;Doença de Parkinson;PNb168, PNb196
9416;Doença Enxerto-Hospedeiro;PNd178
9439;Doenças Cardiovasculares;PNd237, PNf256
9445;Doenças da Boca;PId104, PIf106, PIf138
9450;Doenças da Gengiva;PId046
9473;Doenças das Glândulas Salivares;PNc164
9544;Doenças dos Seios Paranasais;PNc179
9550;Doenças Estomatognáticas;PNb220
9564;Doenças Maxilares;PIc006
9566;Doenças Metabólicas;AO057
9570;Doenças Musculosqueléticas;PNb245
9586;Doenças Periapicais;PNd165
9587;Doenças Periodontais;FC018, AO044, AO057, AO060, PIa120, PIa122, PIb047, PIb122, PIc121, PIc122, PIe036, PIe119, PIe127, PIf121, PIf124, PIf125, PIf133, PNa260, PNb250, PNb256, PNb260, PNb264, PNc034, PNc207, PNc262, PNd195, PNd202, PNd238, PNe221, PNe225, PNe229, PNe233, PNe236, PNe261, PNe266, PNf234, PNf256, PNf264
9656;Dor Facial;PIe001, PIf091, PNa189, PNa199
9679;Dosimetria Termoluminescente;AO133
9688;Doxiciclina;PNe147, PNf014
9757;Durapatita;PIc032, PNf090
9758;Dureza;PR010, AO097, PIa084, PIa089, PIa093, PIc068, PId082, PIe080, PIe082, PIf068, PNa140, PNb020, PNb091, PNb111, PNb159, PNb161, PNb197, PNc145, PNe036, PNe037, PNe108, PNe109, PNf154, PNf171, PNf206
9838;Edema;PId005
9852;Educação;PE013
9853;Educação a Distância;PE003, PE010
9857;Educação Continuada;PE003
9860;Educação Continuada em Odontologia;PNc263
9861;Educação da População;PO001
9862;Educação de Graduação em Medicina;PE017
9868;Educação de Pós-Graduação em Odontologia;PE010
9874;Educação em Odontologia;PE007, PE008, PE010, PE011, PE012, PE015, PE021, PE022, PIa136, PNd244
9875;Educação em Saúde;PIa133, PNc263, PNd247, PNd250
9876;Educação em Saúde Bucal;PO001, PO006, PO014, PIb144, PIb147, PIf131, PNa019, PNb004, PNb247, PNc266
9880;Educação Infantil;PIe135
9890;Educação Superior;PE014, PE016, PE022
9914;Efeitos a Longo Prazo;PNd083
9928;Efetividade;PIc078, PIe056, PNa163, PNe066, PNe237
9929;Eficácia;PIc091, PIf084, PNb163
9983;Elasticidade;PIa094, PNb069, PNb185, PNe196
9985;Elastômeros;PIa048, PIb051, PIc058, PIe050, PIf049, PIf052, PNa054, PNb137
9986;Elastômeros de Silicone;PIe096, PNb180, PNe218
10015;Eletroacupuntura;HA022
10048;Eletromiografia;PIc051, PNa084, PNb179, PNd002
10114;Emergências;PIa034, PNc165
10160;Encaixe de Precisão de Dentadura;PNa190
10217;Endodontia;HA002, FC003, FC010, PR001, AO020, AO024, AO025, AO026, AO027, AO028, AO033, AO037, AO117, PIa010, PIa014, PIa015, PIa016, PIa018, PIa020, PIa021, PIa038, PIa059, PIa062, PIb012, PIb016, PIb019, PIb020, PIb021, PIb027, PIb045, PIb062, PIb108, PIc011, PIc017, PIc019, PId011, PId012, PId013, PId014, PId015, PId016, PId143, PIe010, PIe014, PIe015, PIe016, PIe017, PIe020, PIe038, PIf015, PIf016, PIf017, PIf019, PIf041, PIf061, PIf071, PIf081, PIf134, PNa018, PNa024, PNa183, PNa187, PNb009, PNb062, PNb067, PNb184, PNc015, PNc016, PNc018, PNc019, PNc020, PNc021, PNc023, PNc025, PNc028, PNc029, PNc031, PNc036, PNc037, PNc038, PNc040, PNc041, PNc042, PNc043, PNc044, PNc046, PNc048, PNc050, PNc051, PNc053, PNc061, PNc070, PNc149, PNc247, PNd014, PNd017, PNd018, PNd020, PNd023, PNd026, PNd027, PNd028, PNd029, PNd030, PNd031, PNd032, PNd034, PNd038, PNd041, PNd043, PNd044, PNd046, PNd112, PNd150, PNd192, PNd258, PNd261, PNe020, PNe023, PNe025, PNe028, PNe029, PNe032, PNe033, PNe034, PNe035, PNe045, PNe046, PNe047, PNe055, PNe060, PNe061, PNe063, PNe086, PNe153, PNf020, PNf021, PNf032, PNf033, PNf034, PNf035, PNf040, PNf042, PNf043, PNf045, PNf046, PNf047, PNf049, PNf052, PNf053, PNf055, PNf058, PNf060, PNf061, PNf062, PNf063, PNf064, PNf077, PNf212, PNf214
10251;Endotélio Linfático;PNc164
10254;Endotoxinas;AO023, PNb067, PNc034, PNe027
10309;Engenharia Biomédica;PNa203
10313;Engenharia Humana;PIf135, PNa262
10330;Ensaio Clínico;PIb079, PIb080, PId005, PId086, PIf083, PIf094, PNb097, PNb182, PNd108, PNf079, PNf130
10331;Ensaio Clínico Controlado;PIf073, PNa124, PNe111, PNf167, PNf175
10332;Ensaio Clínico Controlado Aleatório;PIa090, PNc094, PNf121
10350;Ensaios;PNf182
10363;Ensaios de Seleção de Medicamentos Antitumorais;PNe070, PNf157
10365;Ensino;PE001, PE002, PE005, PE007, PE014, PE015, PE016, PE021, PIf095, PIf132, PNb245, PNc268, PNd056, PNd076
10366;Ensino Fundamental e Médio;PE013
10374;Enterobacter;PIe029
10385;Enterococcus faecalis;AO022, PIa010, PIa020, PIb010, PId010, PId020, PIe016, PNc024, PNc037, PNc048, PNc049, PNc056, PNd019, PNd033, PNd035, PNd049, PNe032, PNe039, PNe054, PNf074, PNf086
10427;Envelhecimento;PNa021, PNa135, PNa138, PNa246, PNb145, PNd259
10428;Envelhecimento Celular;AO006, PIe112
10440;Enzimas;PIb081, PId037, PIf054
10461;Epidemiologia;AO147, AO148, PIa042, PIa113, PIa119, PIa137, PIa144, PIb005, PIb037, PIb042, PIb139, PIb145, PIc119, PIc137, PIc145, PIc146, PId106, PId137, PId143, PIe008, PIe110, PIe136, PIe145, PNa007, PNa010, PNa193, PNa251, PNa268, PNb039, PNb076, PNb220, PNb261, PNb262, PNb263, PNc035, PNc081, PNc084, PNc106, PNc165, PNc231, PNc245, PNd087, PNd123, PNd130, PNd142, PNd169, PNd223, PNd238, PNd260, PNf209
10511;Epinefrina;PId033
10539;Eqüidade em Cobertura;AO149
10540;Eqüidade em Saúde;AO149
10578;Equipamentos Odontológicos de Alta Rotação;PNb142, PNf111
10581;Equipamentos para Diagnóstico;AO016
10589;Equipe Hospitalar de Odontologia;PIb103, PIc004
10646;Eritrosina;PNd207, PNf080
10648;Erosão;PId045, PNb149, PNd268, PNf197
10653;Erosão Dentária;AO035, AO036, AO069, AO153, AO159, PIa022, PIa074, PIb022, PIb024, PIc023, PIc038, PIc040, PId024, PId035, PIe021, PIe023, PIe024, PIe037, PIe071, PIe084, PIf021, PNa020, PNa050, PNa071, PNa095, PNa114, PNa116, PNb084, PNb099, PNb105, PNb147, PNb151, PNb154, PNc067, PNc072, PNc075, PNc081, PNc103, PNc237, PNd057, PNd059, PNd066, PNd131, PNd256, PNe085, PNe136, PNe150, PNe161, PNe172, PNf084, PNf092, PNf108, PNf116, PNf120, PNf141, PNf155, COL001, COL007
10675;Erupção Dentária;PIc106, PNb072, PNc132, PNd133, PNd138
10718;Escalas;PIb090
10737;Escherichia coli;PId028
10767;Escleroterapia;PNa220
10768;Escoamento;PNc051
10777;Escolas de Odontologia;PIa136
10792;Escovação Dentária;PId070, PIe065, PNa156, PNa254, PNa256, PNb092, PNb122, PNc100, PNc139, PNe095, PNf160, PNf168, PNf198
10820;Esgotamento Profissional;PIf139, PNb265
10827;Esmalte Dentário;FC007, AO069, AO110, AO113, PIa055, PIb022, PIb024, PIb075, PIc023, PIc109, PId003, PId075, PId083, PId085, PIe022, PIe023, PIe024, PIe056, PIe071, PIe082, PIe107, PIf036, PIf064, PIf066, PIf072, PIf074, PIf089, PNa140, PNb041, PNb096, PNb107, PNb125, PNb130, PNb164, PNc060, PNc071, PNc136, PNc137, PNc188, PNd057, PNd069, PNd077, PNe081, PNe085, PNe092, PNe095, PNe098, PNe123, PNe172, PNf084, PNf092, PNf096, PNf114, PNf116, PNf144, PNf174, COL005
10872;Especialidades Odontológicas;PId108
10887;Espectrofotometria;AO091, PIa063, PIa072, PIa081, PIa085, PIb040, PIb085, PId092, PIe083, PIf077, PNb149, PNf081, PNf158
10891;Espectrofotômetros;PIb090, PIc075, PIc076, PNf113
10898;Espectrometria de Fluorescência;PNb162
10906;Espectrometria por Raios X;PNb124
10910;Espectroscopia de Ressonância Magnética;PNb199
10911;Espectroscopia Infravermelho Transformada de Fourier;PId068, PNb140, PNe113, PNf162
10960;Esportes;PO003, PIe032, PNe068
10993;Estabilizantes de Cor;PIf079
11032;Estado Nutricional;PIb138, PNa202, PNa245
11059;Estatura;PIb002, PIf008
11094;Esterilização;PIc026, PIc096, PIe014, PIe028, PNc144, PNe075
11119;Estética;PIb007, PIb077, PIb094, PId073, PIe047, PIe055, PIe058, PIe060, PIe134, PIf047, PIf087, PNa021, PNa032, PNb079, PNb169, PNb178, PNc104, PNc199, PNc236, PNd157, PNe001, PNf215
11120;Estética Dentária;PIa081, PIa082, PIa123, PIb072, PIb089, PIb090, PIc095, PId060, PId084, PIe088, PIf075, PIf077, PNa121, PNb075, PNc026, PNd100, PNd155, PNe116, PNe158, PNe235, PNf165
11132;Estimulação Elétrica;PId048
11155;Estomatite;PIa104
11158;Estomatite sob Prótese;PNb183, PNb189
11195;Estresse;PIb035, PNb136, PNb172, PNb265, PNd215, PNe012
11196;Estresse Mecânico;PIc063, PIc077, PNa035, PNa143, PNb204, PNe205, PNf161, PNf202
11197;Estresse Oxidativo;PNb203, PNe091, PNe221, PNf031, PNf087
11198;Estresse Psicológico;PIc072, PIc143, PIf129, PIf139
11215;Estrôncio;AO054, PIc003
11220;Estrutura dos Serviços;PId142
11237;Estudantes;PNd117, PNe216
11242;Estudantes de Odontologia;PE019, PIa043, PIb140, PIc138, PIc143, PIf129, PIf135, PIf139, PIf141, PNa262, PNb245
11252;Estudos de Casos;PNe210
11255;Estudos de Coortes;AO115, PNa075
11256;Estudos de Intervenção;PId137, PIe136
11261;Estudos de Validação;AO114, PId090, PIe084, PNe254
11263;Estudos Ecológicos;PNc251
11266;Estudos Longitudinais;PNb013, PNb208
11271;Estudos Retrospectivos;PIe115, PNd234
11273;Estudos Transversais;PNd268, PNf258
11287;Etanol;PIb032, PNf054, PNf073
11333;Etnia e Saúde;PIa053
11413;Evaporação;PNe100, PNf099
11423;Evolução Clínica;PNf103
11450;Exercício;PIc013, PNc077, PNc198
11452;Exercícios de Alongamento Muscular;PNb188
11495;Exposição a Agentes Biológicos;PId025, PNe088
11499;Exposição Ambiental;PO007
11510;Expressão Gênica;AO002, AO063, PIa126, PNb209, PNe069, PNe077, PNe220, PNe263, PNf222
11518;Extração Dentária;HA020, PIa116, PNf004, PNf011
11531;Extratos Vegetais;AO022, PId028, PIe029, PNb192, PNc049, PNc076, PNd053
11540;Extrusão Ortodôntica;PIa007
11548;Face;PIe047, PIe085, PIf048, PIf137, PIf144, PNa032, PNb057
11549;Facetas Dentárias;PIc057, PNa109, PNf127
11554;Fadiga;HA014, PIc059, PId065, PIf063, PIf065, PIf071, PNa149, PNe206
11588;Falha de Prótese;AO136, PId095, PId098, PNa204, PNb186, PNb207, PNf138
11589;Falha de Restauração Dentária;AO095, PNa118, PNa152, PNa161, PNb181, PNe116
11598;Família;PNd200
11606;Faringe;AO014, PNb187, PNd193
11621;Farmacologia;PIf033
11627;Farmacorresistência Bacteriana;PId014
11721;Fator de Crescimento Derivado de Plaquetas;AO013, PNf012
11723;Fator de Crescimento Epidérmico;PNb229
11743;Fator de Necrose Tumoral alfa;PIe009
11846;Fator Transformador de Crescimento beta1;PIa112, PNa232
11898;Fatores de Risco;PIc115, PIc125, PId047, PIe002, PIe102, PNa010, PNa011, PNa243, PNb053, PNb077, PNc241, PNd202, PNd208, PNd246, PNe266, PNf243
11901;Fatores de Transcrição;PNe004
11929;Fatores de Virulência;PIf026, PNc066, PNe076, PNf089
11933;Fatores Epidemiológicos;PNc135
11942;Fatores Imunológicos;PNf244
11959;Fatores Socioeconômicos;PE008, PIa039, PIb038, PId130, PIe130, PIe133, PIf039, PIf136, PNa063, PNb044, PNb054, PNc242, PNd114, PNd263, PNf004
12000;Fechamento de Espaço Ortodôntico;PNb012
12011;Felicidade;PNc128
12020;Fêmur;PId056
12033;Fenda Labial;PId113, PId135, PIe110, PNa058, PNa253, PNb081, PNc258, PNd116, PNd139, PNe003, PNe214
12112;Ferimentos e Lesões;PNa061
12166;Ferula;PNa169
12192;Fibras Ópticas;PNa112, PNa145
12197;Fibrina;PNe258, PNf012
12206;Fibroblastos;AO006, AO025, AO060, AO139, PIe112, PNb237, PNc169, PNf083, PNf266
12221;Fibrose Cística;PIe125, PNc121
12240;Fígado;PNd106
12259;Filmes e Vídeos Educativos;PO012
12326;Fios Ortodônticos;HA008, PIc052, PIe050, PIf051, PNa079, PNc105, PNc112, PNc144
12367;Fissura Palatina;AO014, AO123, PIa144, PIc145, PId043, PId055, PId135, PIe110, PNa028, PNa058, PNa253, PNc012, PNc101, PNc258, PNd092, PNd116, PNd139, PNd141, PNd147
12368;Fissuras Dentárias;PNd028
12406;Fitoterapia;AO051, PIc028, PId029, PId096, PIe030, PIf030, PNa166, PNa225, PNb093, PNc064, PNd081, PNd204, PNd216, PNe070, PNe090, PNe094, PNf066, PNf068
12407;Fixação de Fratura;PNe008
12411;Fixação Interna de Fraturas;AO009
12482;Flúor;FC008, AO087, AO156, PIa083, PId144, PIf023, PIf038, PNb044, PNb056, PNb075, PNb100, PNb147, PNc129, PNd152, PNd264, PNe071, PNe072, PNe102, PNe108, PNe145, PNe161, PNf072, PNf148, COL001, COL003
12493;Fluorescência;AO130, PIe042, PNc116, PNc237, PNd119, PNf141
12494;Fluoretação;PIf142, PNd267, COL002
12498;Fluoreto de Sódio;AO047, PIa035, PNb020, PNd137, PNe114, PNf088
12499;Fluoretos;FC007, AO134, PId059, PNa071, PNb052, PNb151, PNc054, PNe074, COL007
12501;Fluoretos Tópicos;PIb040, PIb086, PNc156, PNd108, PNf081
12509;Fluorose Dentária;PId146, PNb075, PNb097, PNd108, PNd249, PNd267, PNe072
12546;Fluxometria por Laser-Doppler;PIe086
12571;Fonoaudiologia;PIa098
12603;Força Compressiva;PNb115
12606;Força de Mordida;AO018, AO104, PIc136, PNb021, PNd096, PNd129
12608;Força de Trabalho;PNa064
12610;Força Muscular;PNa084
12618;Formação de Recursos Humanos;PO004, PE018, PIb132
12663;Fosfatase Alcalina;PIa008, PNb080
12678;Fosfatidilserinas;PNc229
12684;Fosfatos;FC006, PIe023, PNd145, COL005
12686;Fosfatos de Cálcio;PNa141
12738;Fosfopeptídeos;PNe102
12786;Fotografia;PNb180, PNe104
12787;Fotografia Dentária;PIb074, PIb089, PNe104
12797;Fotoquimioterapia;AO028, AO060, AO064, PIc029, PIf025, PIf026, PIf111, PIf122, PNb201, PNd060, PNd080, PNe020, PNe076, PNe225, PNf080, PNf261
12804;Fototerapia;PNc022, PNe169, PNf019
12851;Fraturas do Fêmur;AO138
12856;Fraturas dos Dentes;PNb224, PNc171
12868;Fraturas Zigomáticas;AO009
12872;Freio Labial;PNd142
12977;Fusobacterium nucleatum;PNc216, PNf077
13017;Galectinas;PNb231
13129;Gastroplastia;PNf118
13157;Gêmeos;PNd001
13159;Gêmeos Monozigóticos;PIb009
13167;Genes;PNd199
13252;Genética;AO110, PIb126, PNc187
13260;Gengiva;PId101, PNe235
13262;Gengivite;AO142, PIa121, PIb138, PId120, PId124, PIe138, PIe141, PNc231, PNd086, PNd205, PNd206, PNe254
13287;Genotoxicidade;FC010, PIb031, PIc016, PNd067, PNd201, PNe065
13322;Gerenciamento de Segurança;PNa248, PNb142
13329;Gestantes;AO144, PIc144, PId145, PNc216
13337;Gestão em Saúde;AO155
13390;Glândulas Salivares;PNc078, PNd074
13408;Glicemia;PNe240, PNf241
13427;Glicina;PNe149
13517;Glossite Migratória Benigna;PIb104
13572;Glutamina;PId017, PNd209
13607;Goma de Mascar;PIe022, PIe035, COL006
13660;Granuloma;PIf113
13662;Granuloma de Células Gigantes;PNb216, PNb237
13672;Granuloma Periapical;PId031, PNc180
13673;Granuloma Piogênico;PIa107, PNb221
13694;Gravidez;PO013, PIa137, PIb032, PNc266
13734;Grupo Social;PIa138
13745;Grupos Étnicos;PIf008
13756;Guaiacol;PNd171
13817;Guta-Percha;PIa012, PIb014, PIc010, PId021, PNc038, PNd025, PNd039, PNe042, PNf020, PNf051
13832;Hábitos;PIc042, PIc129, PNb076, PNc096
13833;Hábitos Alimentares;PIf037
13854;Halitose;AO059, PIa119, PIb123, PIe145, PNc146, PNd205, PNd223, PNd238, PNd243
13888;Hanseníase;AO142, PNc217
13958;Hemangioma;PNb221
14013;Hemodinâmica;PNd004
14073;Hemostáticos;PNb143
14087;Hepatite;PIb146
14092;Hepatite B;PNe088
14094;Hepatite C;PIe102, PNe088
14110;Hepatopatias;PNd106
14149;Herpes Labial;PNd169
14168;Herpesvirus Humano 1;PNf034
14216;Hialuronoglucosaminidase;AO003
14222;Hibridização In Situ Fluorescente;PNb036
14260;Hidrocortisona;PNc118
14266;Hidrogel;PIb034
14297;Hidroxiapatitas;AO074, PIb061, PIe062, PNa141, PNd026, PNe078, PNe144, PNe151, PNf003
14305;Hidróxido de Cálcio;HA002, AO032, PIb017, PNc007, PNc044, PNd020, PNd027, PNd049, PNd134, PNe038, PNe039, PNe046, PNe055, PNe056, PNe062, PNf007, PNf021, PNf033, PNf047, PNf049, PNf050, PNf056, PNf057
14343;Higiene;PId050, PIe057, PNb242, PNc265, PNe124
14344;Higiene Bucal;PIb041, PIb103, PIc036, PIc122, PId043, PIe095, PIf024, PNa073, PNa254, PNa267, PNb247, PNd161, PNd206
14350;Higienizadores de Dentadura;PIa093, PIb096, PNa171, PNa186, PNa190, PNe193, PNf200
14429;Hipersensibilidade;AO084, PIc085, PIe086, PNa153
14443;Hipertensão;PIb107
14482;Hipoclorito de Cálcio;PIb011, PId020, PNe025, PNf041
14483;Hipoclorito de Sódio;AO032, PIb011, PIb014, PIc014, PIc018, PId010, PId019, PId020, PIf012, PIf013, PNa095, PNa209, PNb090, PNc014, PNd019, PNd035, PNe019, PNe034, PNe049, PNe112, PNf048, PNf143, PNf170
14507;Hipoplasia do Esmalte Dentário;PIa040, PNa029, PNa053, PNa063, PNc125, PNd104, COL004
14575;Histocompatibilidade;PIb019, PIc012, PNd091, PNd094
14577;Histologia;AO024, PNa246, PNb037, PNb048, PNb217, PNd078, PNd127, PNf265
14578;Histologia Comparada;PNe013
14582;Histonas;PNc183
14627;Homeopatia;PIf031, PNe053
14676;Hormônios;PIe032, PNb190
14746;Humanização da Assistência;PO008, PIb136, PIc147
14802;Ibuprofeno;PIe123
14828;Identificação da Prótese Dentária;PNe181
14833;Idoso;AO161, PIa147, PIa148, PId147, PIf146, PNa245, PNa267, PNb254, PNc252, PNd261
14878;Ilusões Ópticas;PIe109
14888;Imagem por Ressonância Magnética;PNc184, PNd098
14891;Imagem Tridimensional;AO126, PNb030, PNb085, PNc177, PNd156
14895;Imersão;PNe114
14920;Impacto Psicossocial;PId130
14939;Implante Dentário;HA021, PR014, AO103, AO135, PIa005, PIa101, PIa116, PIa117, PIa118, PIa125, PIa143, PIb092, PIb101, PIb118, PIc029, PIc030, PIc116, PIc117, PId117, PId118, PIe093, PIe115, PIe118, PIf006, PIf099, PNa067, PNa167, PNa179, PNa182, PNa195, PNa207, PNb166, PNb167, PNb186, PNb194, PNb202, PNb207, PNc200, PNc203, PNc219, PNc222, PNc225, PNc232, PNd172, PNd189, PNd213, PNd218, PNd224, PNd230, PNd240, PNe178, PNe183, PNe184, PNe207, PNe220, PNe222, PNe228, PNe244, PNe256, PNe267, PNf093, PNf179, PNf193, PNf196, PNf201, PNf202, PNf220, PNf221, PNf223, PNf227, PNf230, PNf245, PNf257
14940;Implante Dentário Endoósseo;PNa175
14951;Implantes Dentários;PR011, PR012, PR013, AO050, AO052, AO054, AO056, AO107, PIa004, PIb100, PIb116, PIb117, PIc101, PIc118, PId099, PId116, PIe066, PIe097, PIe116, PIf115, PIf117, PIf118, PNa172, PNa191, PNa204, PNa205, PNb173, PNb174, PNb193, PNb204, PNb206, PNc003, PNc215, PNc221, PNc226, PNc230, PNd185, PNd211, PNd216, PNd226, PNd229, PNd234, PNe181, PNe185, PNe189, PNe201, PNe203, PNe204, PNe205, PNe206, PNe212, PNe223, PNe230, PNe235, PNe242, PNe248, PNe249, PNe265, PNf180, PNf191, PNf228, PNf236, PNf239, PNf241, PNf243, PNf251, PNf252, PNf264
14954;Implantes Orbitários;AO048, PNf010
14961;Impregnação pela Prata;PNd163
14976;Imunidade Celular;PNc077, PNe068
15001;Imunoglobulina A;PIa030, PNd084
15002;Imunoglobulina A Secretora;AO108, PNe080
15011;Imunoistoquímica;PIa001, PIc126, PNa212, PNb231, PNb237, PNc167, PNc169, PNc225, PNd005, PNd165, PNe012, PNe154, PNe232, PNf231
15017;Imunossupressão;PIa140, PIc112, PNa219, PNb250
15023;In Vitro;AO036, PIa061, PIc114, PIe040, PNa229, PNc072, PNc075, PNd057
15049;Incisivo;PIa123, PIb087, PIe085, PIf047, PIf123, PNb241, PNc099
15064;Incretinas;PId121
15076;Indicador de Risco;PNc215
15079;Indicadores Básicos de Saúde;PNa261
15095;Indicadores de Qualidade de Vida;PNa023
15098;Indicadores de Serviços;PIe130
15105;Índice CPO;PIf140, PNa260
15107;Índice de Massa Corporal;PIb138, PNc098
15108;Índice Periodontal;PIc054, PIe127, PNc219
15208;Infecção;PIa026, PNb150
15213;Infecção Hospitalar;PNb032
15240;Infecções Oportunistas Relacionadas com a AIDS;PId103, PNa226, PNa238
15309;Infecções por HIV;PIb140
15363;Infecções por Treponema;PIf019
15385;Infiltração;PIc030, PIc086, PIc092, PNc021
15387;Infiltração Dentária;AO083, PIc060, PIe011, PIe019, PNf123
15390;Inflamação;AO006, AO042, PIa114, PIb119, PIc033, PId008, PIe113, PNa240, PNb172, PNb228, PNc031, PNc041, PNc049, PNc173, PNc192, PNc209, PNd013, PNd017, PNd187, PNd195, PNd236, PNe190, PNe233, PNf243
15406;Informática Odontológica;PId078
15482;Inibidores Enzimáticos;PNf108
15483;Inibidores Tissulares de Metaloproteinases;PNa239, PNe150
15488;Iniqüidade Social;PIa138
15517;Inovação;PIb058
15555;Instituição de Longa Permanência para Idosos;PIe146, PIe147, PIf147, PNc252, PNd259
15556;Instituições Acadêmicas;PIb136, PIc147, PNd076
15561;Instituições de Ensino Superior;PNd244
15563;Instituições de Saúde, Recursos Humanos e Serviços;PNc268
15582;Instrumentos Odontológicos;PIc017, PIe014, PIe028, PNc019, PNc028, PNc040, PNc042, PNd030, PNd038, PNd050, PNe047, PNe063, PNf022, PNf055, PNf062
15597;Insuficiência Renal;PIe105
15599;Insuficiência Renal Crônica;PIe144, PNa077, PNa228, PNd228, PNd231
15618;Integrina alfa2;PNd037
15637;Inteligência;PIe134
15677;Interleucina-10;PIc112, PNf256
15683;Interleucina-17;PNf044
15686;Interleucina-1beta;AO128, PNf221
15694;Interleucina-8;PIf124
15696;Interleucinas;PNd086, PNf262
15704;Internet;PE001, PNc109
15728;Intoxicação Alcoólica;PId056
15755;Intubação;FC009
15767;Invasividade Neoplásica;PNb239
15795;Iodoformium;PIc012
15859;Irrigação;PIf010, PNd042, PNe062, PNf035, PNf059
15863;Irrigantes do Canal Radicular;FC005, AO020, AO029, AO068, PIa020, PIb015, PIc020, PId010, PIf012, PIf013, PNa122, PNc014, PNc042, PNc047, PNd046, PNd112, PNe025, PNe056, PNe061, PNf049
15918;Isoproterenol;PNf075
16126;Lábio;PIb009, PIb113, PIe147, PNd001, PNe001
16129;Laboratórios;PE006
16156;Lactobacillus;PIc041
16169;Lactoferrina;PNd126
16250;Lasers;AO005, AO053, AO064, PIb006, PIb010, PId009, PIf002, PIf097, PNa013, PNa078, PNa104, PNa117, PNa217, PNb088, PNb101, PNb130, PNb138, PNb153, PNb160, PNc002, PNc199, PNd065, PNd229, PNe091, PNe159, PNf088, PNf099
16255;Lasers Semicondutores;PNc031
16258;Látex;PIa049, PIb051, PIc049, PId049, PId052, PIf049, PNa054
16292;Lectinas de Ligação a Manose;AO065
16313;Legislação Odontológica;AO152, PNd248
16345;Leite;PNa050
16366;Lentes de Contato;PIe060
16391;Leptina;PNe264
16413;Lesões dos Tecidos Moles;PIb102, PIc103
16418;Lesões Pré-Cancerosas;AO130, PNc166
16491;Leucoplasia;PIc107
16492;Leucoplasia Bucal;PId115, PIf103, PNd173, PNd182
16493;Leucoplasia Pilosa;PNa226
16515;Levantamentos de Saúde Bucal;PIb137, PIe046, PIe137, PIe146, PIe147, PIf147
16517;Levantamentos Epidemiológicos;PIa135, PIa141, PIb102, PIb137, PNc172
16555;Lidocaína;PNf018
16564;Ligadura;PNd196, PNf234, PNf248
16571;Ligamento Periodontal;PNd012, PNf008
16586;Ligas;PIc017, PId059
16587;Ligas de Cromo;PNa197
16589;Ligas Dentárias;PIc100, PNe191, PNe192, PNe193
16590;Ligas Metalo-Cerâmicas;PNf184, PNf210
16695;Linhagem Celular Transformada;PNa211
16728;Lipopolissacarídeos;FC002, AO025, PIf020
16746;Lippia;PIb025
16754;Líquen Plano Bucal;PIe102, PNc193
16763;Líquido Dentinal;PNe162
16790;Listas de Espera;PNd258
16799;Literatura de Revisão como Assunto;HA016
16885;Longevidade;PIc065, PNf098, PNf106, PNf174
16907;Lubrificação;PIf015
16916;Ludoterapia;PO014
16928;Lúpus Eritematoso Sistêmico;AO160, PId110
16984;Macrófagos;PIc025, PNc070
17006;Mães;PNb047, PNc124
17067;Malformações Vasculares;PNa220
17075;Maloclusão;AO111, AO124, PIa041, PIb036, PIb048, PIb052, PIc037, PIe043, PIf053, PNa040, PNa042, PNa052, PNa060, PNa065, PNa068, PNb029, PNb055, PNb190, PNb253, PNc122, PNd087, PNd098, PNd103, PNd123, PNd143, PNf190
17077;Maloclusão de Angle Classe II;PIc048, PIc051, PId051, PIf055, PNa030, PNa038, PNb066, PNb085, PNc083, PNc140, PNc155, PNc160, PNc162, PNd082, PNd085, PNd088, PNd128
17078;Maloclusão de Angle Classe III;FC011, PNb058, PNc099, PNf005
17105;Mandíbula;PIa116, PIb007, PIb109, PIc001, PIc002, PIc008, PIc118, PIf096, PNa017, PNa221, PNb057, PNb209, PNc010, PNc182, PNc232, PNd015, PNd185, PNd190, PNe008, PNe087, PNf016, PNf017
17124;Manifestações Bucais;PIa105, PIc113, PIf105, PNb230, PNd183
17175;Manutenção;PNd203
17179;Manutenção Preventiva;PNa172
17224;Marcadores Biológicos;PId115, PNc097, PNc174, PNd173, PNd197, PNf235
17225;Marcadores Biológicos de Tumor;PIf110, PNc185, PNc190, PNd168
17283;Mastigação;AO089, AO090, AO093, AO096, PIb107, PIc093, PNb179, PNb191, PNc098, PNd129, PNe009, PNf185
17289;Mastócitos;PIe114
17303;Materiais Biocompatíveis;AO002, PIb117, PIe118, PIf011, PNa130, PNb116, PNb134, PNc005, PNc227, PNd005, PNd067, PNd187, PNe013, PNe046, PNe055, PNf124, PNf266
17304;Materiais Biomédicos e Odontológicos;PNc194, PNf211
17308;Materiais de Ensino;PE019
17310;Materiais Dentários;HA013, PR005, AO069, AO070, AO081, PIa058, PIa070, PIb059, PIb060, PIb064, PIb065, PIb067, PIb070, PIb099, PIc062, PIc069, PIc071, PId065, PId067, PId069, PIe061, PIe069, PIf060, PIf062, PIf063, PIf068, PIf070, PIf071, PNa020, PNa092, PNa093, PNa099, PNa113, PNa120, PNa123, PNa126, PNa128, PNa130, PNa138, PNa139, PNa146, PNa152, PNa162, PNb014, PNb069, PNb094, PNb118, PNb153, PNb205, PNb213, PNc112, PNc178, PNd099, PNd151, PNe149, PNe156, PNe176, PNf112, PNf119, PNf123, PNf125, PNf136, PNf142, PNf146, PNf150, PNf158
17313;Materiais para Moldagem Odontológica;PNb137, PNe156, PNe218
17314;Materiais Restauradores do Canal Radicular;HA013, PIb078, PNc142, PNf007
17319;Maternidades;PIb039
17325;Matriz Óssea;AO004, AO013, PIf001, PNf233
17339;Maxila;PIc048, PIe097, PNa027, PNb043, PNb081, PNd007, PNe179, PNf257
17367;Mediadores da Inflamação;FC017, PIe122, PNd034, PNe226, PNe229, PNf229
17415;Medicamentos Fitoterápicos;AO021, AO049, PIa127, PIe018, PNb104, PNc018
17418;Medicamentos Genéricos;PIf032
17425;Medição da Dor;PId126
17451;Medicina Bucal;PIc103, PId104, PId123, PNa218, PNb243
17455;Medicina de Emergência;PId006
17502;Medida de Exposição à Radiação;PNb006
17506;Medidas de Ocorrência de Doenças;PNc086
17526;Medo;PNb083, PNc130
17532;Medula Óssea;PNe232
17560;Meio Social;PId131
17573;Melaleuca;AO038, AO039, PNf067
17651;Menarca;PNa045
17677;Menopausa;PNf209
17702;Mercado de Trabalho;PIa139, PNc267
17764;Metabolismo dos Carboidratos;PNd074
17769;Metacrilatos;PNe120
17774;Metais;PNd107, PNe096
17778;Metais Pesados;PIb021
17784;Metaloproteases;FC002
17795;Metaloproteinase 2 da Matriz;AO141
17801;Metaloproteinases da Matriz;AO035, AO121, PIc084, PIc114, PIf113, PNa229, PNa239, PNc186, PNf098, PNf120
17802;Metaloproteinases da Matriz Associadas à Membrana;AO140
17803;Metaloproteinases da Matriz Secretadas;PNb227, PNb229
17808;Metanálise;AO071, PNb167, PNe080
17828;Metástase Neoplásica;PIa112, PNd188
17882;Metilação;PNc212
17883;Metilação de DNA;FC016, PIb114, PIb119
17908;Metilmetacrilato;PNa091
17917;Metiltransferases;PIb114
17941;Metodologia;PE019
17944;Métodos;PNc032, PNc257
17971;Metronidazol;FC019, PNc197
18001;Microabrasão do Esmalte;PNb109, PNe121
18003;Microbiologia;HA004, HA023, FC012, AO026, AO045, PIa031, PIa106, PIb028, PIb030, PIb054, PIb103, PIb120, PIb126, PIc028, PIc031, PId014, PId029, PIe016, PIe030, PIe125, PIe128, PIf030, PNa086, PNb010, PNb232, PNb234, PNc073, PNc089, PNc220, PNd081, PNd210, PNe082, PNe086, PNf034
18011;Microbioma;AO040
18014;Microcirculação;PNb218
18047;Micronúcleos com Defeito Cromossômico;PNd201
18049;Microondas;PE003, PNa184, PNe217
18052;Microrganismos Aquáticos;PNc082
18055;Microscopia;PIa069, PNd224, PNf029
18057;Microscopia Confocal;PNb177, PNd027, PNe023, PNe037, PNe039, PNf027, PNf053, PNf134
18062;Microscopia de Força Atômica;PIf051, PNa071, PNa136, PNb014
18068;Microscopia Eletrônica;PId118, PNf180
18072;Microscopia Eletrônica de Varredura;HA008, FC004, PIa060, PIa099, PIb071, PIc020, PIe015, PNa118, PNa190, PNb129, PNb146, PNc046, PNc141, PNd039, PNd042, PNd048, PNe094, PNe202, PNe227, PNf046, PNf054, PNf061, PNf064, PNf145
18091;Midazolam;AO122
18133;Minerais;PIf023
18134;Minerais na Dieta;AO132
18142;Minociclina;PId012, PNc030
18227;Mitose;PNb216
18264;Modelos Animais;PNb217, PNf242
18272;Modelos Dentários;PNb030, PNc177, PNd097, PNd147, PNd156
18299;Modulação Antigênica;AO041
18320;Moléculas de Adesão Celular;PNd080
18324;Molhabilidade;PNe118, PNe187
18348;Monitoramento;PNd069
18419;Mordida Aberta;PNb071, PNc154, PNd111, PNd113
18424;Morfologia;PIa002, PId056, PNc133, PNe012
18436;Mortalidade;PIc131
18479;Motocicletas;PIc139
18480;Movimentação Dentária;PIc055, PId034, PId048, PId054, PNa072, PNb012, PNb037, PNb082, PNc093
18483;Movimento Celular;PNb239, PNf026
18502;Mucocele;PIa114
18510;Mucopolissacaridoses;PIc113
18516;Mucosa Bucal;PIf102, PIf106, PNa070, PNa233
18523;Mucosite;FC017, AO128, AO139, PIa102, PIb105, PIc111, PNd230, PNe183, PNe223, PNf227, PNf229
18564;Músculo Esquelético;PNd003, PNe007, PNf009
18568;Músculo Masséter;PNd002
18578;Músculos Mastigatórios;PNd098
18587;Música;PIf131
18612;Mycobacterium leprae;PNc217
18735;Nanocápsulas;PNf085
18741;Nanopartículas;AO021, PIb097, PIe033, PIe081, PIf076, PNa088, PNa173, PNa176, PNc024, PNc058, PNd146, PNe033
18742;Nanopartículas Metálicas;PNc039
18744;Nanotecnologia;AO070, AO074, PIa071, PIa089, PId061, PIf084, PNc027, PNd024, PNd044, PNe026, PNe038, PNe160, PNe222, PNf050, PNf056, PNf240, PNf245
18746;Nanotubos de Carbono;PIb058
18763;Nariz;PIe047
18789;National Institute of Biomedical Imaging and Bioengineering (U.S.);PNd128
18858;Necrose da Polpa Dentária;FC001, PNf259
18922;Neonatologia;PNb032
18932;Neoplasias;PIe031, PNa223, PNc164
18936;Neoplasias Bucais;PIb106, PIc112, PIc115, PIe111, PIf114, PNa219, PNa232, PNc166, PNd168, PNd181
18967;Neoplasias das Glândulas Salivares;PNd168
18974;Neoplasias de Cabeça e Pescoço;PIa111, PIf141
19102;Neovascularização Fisiológica;PNf013
19103;Neovascularização Patológica;PNa216
19118;Nervo Facial;PNd006
19126;Nervo Mandibular;PIa004, PId032, PNc189, PNe230, PNf001
19195;Neurofibromatose 1;PNa242
19258;Neutralização;PId024
19266;Neve;PIa069
19303;Nicotina;AO053, PNa260
19326;Nióbio;PIa068
19328;Níquel;PNa064
19337;Nistatina;PIb029
19627;Obesidade;AO159, PO002, PId119, PIf039, PIf138, PNb054, PNb254, PNb260, PNc202, PNc214, PNc255, PNe264
19628;Obesidade Mórbida;AO145, PNb255, PNb264, PNc249, PNd242
19663;Obturação do Canal Radicular;FC005, AO033, PIa012, PIa015, PIc010, PId013, PId018, PId021, PIe011, PIe019, PIf014, PNa122, PNb062, PNc016, PNc021, PNd020, PNd043, PNd047, PNd050, PNd154, PNd261, PNe022, PNe042, PNe044, PNf025, PNf027, PNf036, PNf039, PNf063, PNf126
19664;Obturação Retrógrada;PIf018, PNc033, PNc045, PNe024, PNf052
19665;Obturadores Palatinos;PIa098
19696;Oclusão Dentária;HA014, FC014, PIa076, PIa091, PIb087, PIb091, PId089, PIf086, PNb003, PNb156, PNb198, PNe009, PNf205
19699;Oclusão Dentária Traumática;PId087, PNd011, PNd215
19718;Odontalgia;PId039, PNc092
19719;Odontoblastos;PId064, PNe057
19721;Odontogênese;AO004, PNb072, PNc097
19723;Odontologia;HA004, PE002, PE009, PE012, PIa139, PIb004, PIb074, PIb102, PIc004, PIc064, PIc123, PIe108, PIf031, PIf032, PIf033, PNa016, PNb219, PNc134, PNc244, PNc267, PNd018, PNd054, PNe238
19724;Odontologia Comunitária;PO014
19725;Odontologia do Trabalho;PIa146, PIc134, PNa255, PNa263, PNc246, PNd252, PNd256, COL008
19726;Odontologia em Saúde Pública;AO151, PE018, PIa130, PIb124, PNa015, PNa244, PNb050, PNc250
19730;Odontologia Legal;PIb002, PIb110, PIb133, PIc009, PIc110, PId006, PIf008, PNa265, PNb001, PNb267, PNc264, PNd001, PNd265
19732;Odontologia Preventiva;PO010, PNa266, PNb240, PNc251, PNd268
19733;Odontólogos;PNa161
19735;Odontometria;PIb016, PIb045, PIc019, PId016, PIe012, PIe013, PIe020, PIf017, PNd016, PNf045
19737;Odontopediatria;FC010, AO110, AO111, PIa070, PIb025, PIb035, PIb037, PIb038, PIb039, PIb135, PIc039, PIc044, PId040, PIe041, PIf042, PIf046, PNa008, PNa018, PNa023, PNa024, PNa251, PNa252, PNb004, PNb027, PNb032, PNb052, PNb074, PNb253, PNc119, PNc151, PNc152, PNc261, PNd132, PNd157
19784;Olho Artificial;PIb097
19828;Oncologia;PIf005, PNa070, PNa081, PNb027
19895;Ordens quanto à Conduta (Ética Médica);PNb267
19976;Orientação;PO011
20016;Ortodontia;AO125, AO126, PIa048, PIa049, PIa050, PIa052, PIa053, PIa056, PIa091, PIa109, PIb051, PIb053, PIc049, PIc050, PIc051, PIc052, PIc053, PIc055, PId049, PId052, PIe049, PIe051, PIe052, PIe054, PIe055, PIf049, PIf051, PIf053, PIf055, PNa004, PNa016, PNa017, PNa022, PNa025, PNa028, PNa034, PNa037, PNa040, PNa041, PNa044, PNa045, PNa052, PNa065, PNa067, PNa068, PNa084, PNa085, PNa121, PNa151, PNa257, PNb001, PNb007, PNb008, PNb012, PNb015, PNb019, PNb028, PNb029, PNb031, PNb042, PNb068, PNb069, PNb071, PNb073, PNc099, PNc105, PNc120, PNc126, PNc144, PNc154, PNc218, PNd086, PNd087, PNd088, PNd091, PNd093, PNd097, PNd105, PNd107, PNd111, PNd120, PNd125, PNd133, PNd140, PNd144, PNd157, PNd162, PNd248, PNe253
20017;Ortodontia Corretiva;HA009, PIa123, PIe006, PIe053, PIf024, PIf052, PIf123, PNa046, PNa049, PNa057, PNa064, PNb065, PNb066, PNb070, PNc083, PNc122, PNd143
20018;Ortodontia Interceptora;PIc054
20019;Ortodontia Preventiva;PIc146
20021;Ortopedia;PIb056, PNa030, PNb073, PNb081, PNd088
20037;Osseointegração;AO053, AO054, PIb117, PIb118, PIc116, PIe004, PIe007, PIe066, PIf006, PIf115, PNa175, PNc200, PNc221, PNc226, PNc230, PNd216, PNd239, PNd240, PNe220, PNe228, PNe242, PNe262, PNf220, PNf223, PNf228, PNf251
20041;Osso e Ossos;AO138, PIb032, PIc099, PNb063, PNc202, PNc222, PNd217, PNd221, PNe255, PNf247
20070;Osteoartrite;PNc008
20076;Osteoblastos;AO001, AO004, AO021, PIf001, PNe234
20077;Osteocalcina;AO010, PNf015
20079;Osteoclastos;PNa014, PNf244
20088;Osteogênese;AO002, PIa126, PIc056, PIe048, PNa141, PNc221, PNc226, PNc234, PNf014
20089;Osteogênese Imperfeita;AO158
20097;Osteonecrose;HA018, AO015, PIa003, PIb001, PIb006, PIb008, PIc006, PId001, PIe002, PNa213, PNc009, PNc181, PNd194
20101;Osteopontina;PNb080
20102;Osteoporose;AO010, PIc003, PIe004, PIe007, PIf109, PNa230, PNa241, PNb043, PNb210, PNc057, PNc061, PNd184, PNe014
20103;Osteoporose Pós-Menopausa;PIa032
20104;Osteoprotegerina;AO012, PNc205
20109;Osteotomia;PNc189
20110;Osteotomia de Le Fort;AO137
20138;Ovariectomia;PIb121, PNb043, PNe014, PNf008
20145;Ovinos;PIf120, PNf233
20184;Óxido de Alumínio;PIb099, PIe079, PNa159
20185;Óxido de Cálcio;PNe058
20199;Oxigênio;PNe126
20207;Oximetria;PNc053
20236;Ozônio;PR004, PNb238, PNc062, PNf091
20240;Pacientes;PIa131, PIa141, PNe157
20249;Padrão de Identidade e Qualidade para Produtos e Serviços;PNb129
20251;Padrões de Referência;PNb243
20264;Paladar;PNa047
20268;Palato;PNb001, PNe213
20336;Papaína;PId042, PNb011, PNc143
20347;Papila Dentária;PNc236
20350;Papillomaviridae;PNd182
20352;Papillomavirus 16 Humano;PIa026
20353;Papillomavirus 18 Humano;PIa026
20380;Paracoccidioidomicose;FC016, PIe113, PIf111, PNb228, PNc192
20405;Paralisia Cerebral;PIa047, PIc132, PIc141, PIe139, PNa059, PNc133, PNc250, PNc256, PNd096, PNd136
20424;Parâmetros;PNc241, PNf224
20466;Parede Celular;PIe027
20472;Parestesia;PId007, PNe230, PNf001
20490;Participação Cidadã;PO008
20496;Partículas;PNb120
20502;Partículas Inorgânicas;AO080, PIa060, PIa099, PNf162
20545;Patologia;PIb104
20546;Patologia Bucal;PIa115, PIb111, PIc104, PId106, PId147, PNa233, PNa234, PNb236, PNc175, PNc187
20583;Pediatria;PIc036, PNa252
20689;Peptídeos;PNb046, PNf157
20691;Peptídeos Catiônicos Antimicrobianos;HA002, PNc029
20712;Percepção;AO120, PIa082, PIf055, PNa032, PNa040, PNb079, PNc100, PNc126, PNc236, PNc266
20715;Percepção de Cores;PNd036, PNf165
20717;Percepção de Forma;PIb089, PId078
20729;Percepção Visual;PIe109, PNa065
20745;Perda da Inserção Periodontal;PO002, PIa128, PNf235, PNf259
20748;Perda de Dente;PIb043, PIe115, PNb255, PNc057, PNe253
20754;Perda Óssea Alveolar;AO058, AO105, PIb127, PIc099, PIf118, PNb193, PNb209, PNc106, PNc218, PNc219, PNc229, PNd215, PNd218, PNe241, PNe257, PNf213
20759;Perfil de Impacto da Doença;PIc144
20762;Perfilação da Expressão Gênica;AO063
20779;Pericárdio;PNf265
20784;Pericitos;PIf112
20817;Período Pós-Operatório;PId105
20822;Periodontia;AO065, PIa106, PIa122, PIb120, PIb124, PIc120, PIc123, PId122, PId123, PIe121, PIe123, PNb156, PNc198, PNc210, PNc212, PNc227, PNc233, PNd225, PNe250, PNe254, PNe260, PNf244, PNf263
20823;Periodontite;HA022, AO040, AO055, AO058, AO063, AO066, PIa003, PIa124, PIa127, PIb125, PIb127, PIc025, PIc124, PIc128, PId026, PId121, PId127, PId128, PIe045, PIe126, PIe141, PIf122, PIf126, PIf127, PNa227, PNa238, PNc197, PNc202, PNc206, PNc209, PNc228, PNc238, PNc241, PNd198, PNd203, PNd204, PNd205, PNd208, PNd209, PNd212, PNd228, PNd231, PNd235, PNd236, PNe226, PNe240, PNe247, PNe251, PNe257, PNe264, PNf248, PNf250, PNf255, PNf258, PNf260, PNf261, PNf264
20824;Periodontite Juvenil;AO067
20825;Periodontite Periapical;FC001, PIb027, PIc013, PIc015, PId017, PIe009, PNb211, PNc017, PNd037, PNd070, PNe035, PNe064, PNf031, PNf040, PNf044
20826;Periodonto;AO062, AO127, PNc225, PNd109, PNf267
20827;Periósteo;PIe124
20844;Permeabilidade da Dentina;PNa144, PNa192, PNe162, PNf080, PNf159
20846;Permeabilidade Dentária;FC015
20848;Permeabilidade do Esmalte Dentário;AO083, PIe073, PNa108, PNb114, PNd077, PNd078
20863;Peróxido de Hidrogênio;FC015, PIa061, PIa075, PIa087, PIa090, PIb072, PIb077, PIc078, PIc080, PIc083, PId081, PId084, PId088, PIe073, PIe087, PIe088, PIf069, PIf075, PIf087, PNa108, PNa127, PNa131, PNb091, PNb096, PNb114, PNe115, PNe126, PNe131, PNe160, PNf060, PNf144, PNf153
20864;Peróxidos;PIf069, PNa186, PNe127
20890;Pesquisa;PIc039, PIe037, PIf095
20904;Pesquisa em Odontologia;PIc062, PIe061, PIe069, PNa218, PNb006, PNb030, PNd052, PNe238
20911;Pesquisa nos Serviços de Saúde;PIe039, PNc268
20913;Pesquisa Qualitativa;AO143, AO150, PIa047, PIa147
20914;Pesquisa sobre Serviços de Saúde;PNc152
20923;Pessoal de Saúde;PNc261
20928;Pessoas com Deficiência;PO006, PO012, PIa145, PIb055, PIe131, PNb263
20929;Pessoas com Deficiência Mental;PIf131, PNd266
21034;Piercing Corporal;PIa031
21035;Pigmentação;PIa072, PIa085, PIb079, PIb085, PIb088, PIc061, PIe064, PIe083, PNe021, PNe180
21037;Pigmentação em Prótese;PId092
21065;Pinos Dentários;PR007, AO079, AO092, PIa096, PIb082, PIc011, PIc079, PIe072, PIf088, PIf093, PIf097, PNa090, PNa112, PNa119, PNa145, PNa147, PNa192, PNb118, PNb119, PNb133, PNb184, PNb185, PNd022, PNd154, PNe118, PNe122, PNe128, PNe155, PNf100, PNf126, PNf134, PNf212, PNf214
21187;Placa Dentária;PIa121, PIb123, PId120, PId122, PIe121, PIe125, PNb077, PNd064, PNd079, PNd122, PNd161, PNd206, PNe239, PNf238
21192;Placas Oclusais;PIe091, PNb188, PNe182
21217;Planejamento de Prótese Dentária;PId094, PNe177
21219;Planejamento em Saúde;PO004, PE016
21221;Planejamento Estratégico;PNb248
21259;Plantas;PNb150
21266;Plantas Medicinais;PIa028, PIb013, PIb029, PIc027, PIe034, PIf027, PIf028, PNc064, PNc073, PNc074, PNc076, PNf066
21274;Plasma Rico em Plaquetas;PIc126, PNd003, PNe258
21370;Pneumonia Associada à Ventilação Mecânica;FC009
21371;Pneumonia Bacteriana;PNd225
21478;Polifosfatos;PNc129, PNd146, PNd152
21485;Poliidroxietil Metacrilato;PNb095
21489;Polimento Dentário;PIc094, PId072, PIf066, PNa016, PNb144, PNe170, PNf125, PNf129, PNf208
21490;Polímeros;PR006, AO011, PIa006, PIa067, PIa069, PIa099, PIb034, PIb058, PIc094, PId061, PId080, PNa125, PNe113, PNf150
21492;Polimetil Metacrilato;PNa184, PNb094, PNc063
21499;Polimorfismo de Um Único Nucleotídeo;AO125
21500;Polimorfismo Genético;HA006, FC011, AO128, PIa046, PIf124, PNa009, PNa041, PNd158, PNd220
21536;Polissacarídeos Bacterianos;PIc034
21568;Políticas Públicas de Saúde;AO151
21579;Polpa Dentária;FC003, PR008, AO005, AO019, AO034, PId009, PNb218, PNc022, PNd134, PNe040, PNe050, PNe053, PNf019, PNf028
21665;População Indígena;PIc125
21670;População Rural;PNb262
21677;Porcelana Dentária;PIa066, PIb057, PNa097, PNb115, PNe101, PNf105, PNf173, PNf207
21695;Porosidade;PIb068, PId097
21700;Porphyromonas gingivalis;PNc216, PNf234
21728;Potência;PId058
21775;Prata;PIa029, PIe068, PIf067, PNb192, PNe222, PNf181, PNf245
21787;Prática Profissional;PNd251
21793;Prazo de Validade de Produtos;PNe036
21828;Pré-Escolar;PIa030, PIb036, PIc035, PId039, PIf035, PIf036, PNa005, PNa006, PNa063, PNb017, PNb038, PNb077, PNc092, PNd123, PNd130
21800;Precauções Universais;PNa248
21813;Preconceito;PNc248
21849;Prematuro;PNc132
21864;Preparações Farmacêuticas;AO161
21868;Preparo da Cavidade Dentária;PNb050, PNe097
21869;Preparo de Canal Radicular;AO027, PId021, PIe017, PIf010, PIf015, PIf016, PNc007, PNc040, PNc048, PNd016, PNd023, PNd038, PNd043, PNe031, PNe042, PNe060, PNe061, PNf059, PNf061, PNf062
21870;Preparo do Dente;AO100, PIb095, PIc082, PId077, PId094, PNa109
21875;Prescrição de Medicamentos;PIc133, PIf033, PIf034
21890;Pressão;PNa096
21891;Pressão Arterial;PNb083, PNd004
21897;Pressão Hidrostática;PNe133, PNf149
21911;Prevalência;AO088, PIb042, PIb053, PIb142, PIc050, PId047, PId087, PIe037, PIe052, PNb040, PNb059, PNb265, PNc035, PNc096, PNc256, PNd169, PNe003, PNe106, PNe250
21912;Prevenção de Acidentes;PO003, PIc007, PId063
21914;Prevenção de Câncer de Mama;PNe224
21915;Prevenção de Doenças;PO001, PIa111, PIe137, PNa085, PNc151, PNe260, COL002
21918;Prevenção Primária;PIa104, PIe111
21974;Probióticos;AO041, AO058, PIb127, PIe126, PNe194, PNf069
22010;Procedimentos de Ancoragem Ortodôntica;FC012, PIa052, PIc055, PIe053, PIe054, PNa035, PNa072, PNb063, PNb082, PNc123, PNd093, PNd105, PNd144
22028;Processo Alveolar;PNa237, PNd211
22091;Produtos Biológicos;PNa003, PNd079
22092;Produtos com Ação Antimicrobiana;AO045, PIa028, PIc031, PId040, PIe027, PIf030, PIf067, PNa003, PNc039, PNc076, PNc080, PNd053, PNd063, PNe067, PNe070, PNe082, PNe215, PNf068
22127;Produtos para Higiene Dental e Bucal;PId122
22139;Profilaxia Dentária;PId054, PNe149, PNf253
22150;Prognóstico;PIc105, PIf103, PNc185
22158;Programa de Saúde Ocupacional;PIf135, PNa262
22164;Programa Saúde da Família;PIe135
22180;Programas de Rastreamento;PIf143
22193;Projeto Auxiliado por Computador;PNa201, PNa207
22219;Proliferação de Células;PIc105, PIf103, PNd148, PNf124
22231;Promoção da Saúde;AO143, PO005, PO010, PO012, PIa133, PId132, PIe095, PNb076, PNc259
22265;Própole;PIb105, PId027, PIe031, PNf076
22269;Propranolol;PNa037
22270;Propriedade;PIa094
22271;Propriedade Intelectual;AO157
22273;Propriedades de Superfície;PIb118, PIc066, PId098, PIf006, PIf079, PNa026, PNa082, PNa093, PNa108, PNa162, PNa171, PNa206, PNb019, PNb108, PNb144, PNe121, PNe180, PNe186, PNe195, PNf129, PNf161, PNf192
22274;Propriedades Físicas;PR005, PR009, PIa077, PId066, PId067, PIe038, PNa113, PNa132, PNc051, PNc085, PNc105, PNd044, PNd150, PNe140, PNe164, PNf107
22275;Propriedades Físicas e Químicas;AO030, AO072, PIe079, PIf011, PNa079, PNb148, PNc027, PNc050, PNd024, PNd051, PNe026, PNe058, PNe158, PNf043, PNf142
22289;Prospectos;PNa077
22294;Prostaglandinas;PNd196
22325;Proteção Radiológica;AO133
22733;Proteínas do Esmalte Dentário;PNf249
22754;Proteínas E7 de Papillomavirus;PNa211
22759;Proteínas Facilitadoras de Transporte de Glucose;PNa210, PNb221
22792;Proteínas Morfogenéticas Ósseas;PNa231, PNd219
22898;Proteínas Salivares;PNc148, PNd062, PNd073
22948;Proteoma;FC007, PR002
22949;Proteômica;AO047, PIa035
22954;Prótese Dentária;HA021, AO101, AO103, AO145, PE005, PE006, PIa096, PIb091, PIb094, PIb095, PIb142, PIc058, PIc068, PIc095, PIc104, PIc116, PIc117, PId095, PId101, PId118, PIe057, PIf093, PIf100, PNa097, PNa167, PNa179, PNa183, PNa196, PNa206, PNb173, PNb196, PNc222, PNc265, PNd028, PNd211, PNe180, PNe184, PNe212, PNe244, PNf191, PNf192, PNf193
22955;Prótese Dentária Fixada por Implante;PR014, AO105, AO106, AO136, PIa101, PIb100, PIc099, PId100, PIe100, PIf099, PNa177, PNa202, PNa208, PNb193, PNb200, PNb204, PNc203, PNe177, PNe188, PNe197, PNe203, PNe209, PNe255, PNf179, PNf180, PNf193, PNf201
22957;Prótese Mandibular;PNe204
22958;Prótese Maxilofacial;AO048, PId096, PNf010
22960;Prótese Parcial;PNe267
22961;Prótese Parcial Fixa;AO099, PIc117, PNa201, PNe205
22963;Prótese Parcial Removível;PIc122, PIf096, PNe200
22966;Prótese Total;AO093, AO096, AO097, PIa095, PIa098, PIa143, PIb096, PIb098, PIc093, PIc097, PId093, PIe094, PIe095, PNa195, PNb170, PNb182, PNb183, PNb191, PNb206, PNe124, PNe194, PNe213, PNe215, PNf185, PNf196, PNf198, PNf200, PNf213, PNf215
22968;Prótese Total Inferior;PNf189
22971;Próteses e Implantes;AO104, PIc100, PIc101, PIe093, PNa172, PNa185, PNa200, PNa205, PNb186, PNb194, PNb195, PNc211, PNe191, PNe199, PNe211, PNe255, PNf189, PNf191, PNf199, PNf239
22975;Protetores Bucais;PIa064, PIa097, PId063
22976;Protetores contra Radiação;PNd180
22990;Protocolos Clínicos;PNd230
23004;Prova Pericial;PNa265
23037;Pseudomonas;PId028, PIe029
23038;Pseudomonas aeruginosa;PNc073
23112;Psoríase;PNc187
23120;PTEN Fosfoidrolase;PNa212
23129;Puberdade;PId046
23162;Pulpectomia;PNc142
23163;Pulpite;PNe043, PNe048
23164;Pulpotomia;AO112, PNb080, PNd134, PNe030
23176;Punicaceae;PIe018
23221;Q-Sort;PIe055
23229;Qualidade da Assistência à Saúde, Acesso e Avaliação;PIb129, PNa249
23232;Qualidade de Vida;AO094, AO109, AO111, AO116, AO120, AO131, PIa095, PIa103, PIa120, PIa129, PIa143, PIb035, PIb143, PIc035, PIc037, PIc044, PIc093, PIc130, PIc137, PId131, PId139, PId140, PId145, PIe094, PIf003, PIf130, PNa001, PNa006, PNa007, PNa075, PNa081, PNa252, PNb017, PNb027, PNb033, PNb042, PNb054, PNb060, PNb078, PNb097, PNb190, PNb196, PNb206, PNb251, PNb252, PNb255, PNb261, PNc102, PNc103, PNc104, PNc107, PNc108, PNc117, PNc138, PNc150, PNc253, PNc262, PNd103, PNd116, PNd117, PNd118, PNd136, PNd139, PNd212, PNd257, PNd263, PNd266, PNe179, PNe214, PNf004, PNf190, PNf250
23253;Queijo;PIc136
23254;Queilite;AO141, PIb114, PIc105, PIe106, PIf112, PNb231, PNc170
23262;Quelantes;PNf027
23297;Questionários;PIa092, PId090, PIe084, PNb034, PNb225, PNd103, PNd144, PNe179
23352;Quimiocinas;PNb134, PNe064
23362;Quimioterapia;FC017, PIa104, PIf005, PNa070, PNf261
23424;Quitosana;PNa113, PNd029, PNe036
23444;Radiação Ionizante;PIa108, PNd008, PNd180
23447;Radiação Térmica;PIb115
23448;Radicais Livres;HA010, AO073
23461;Radiografia;PIa109, PIe109, PNb150, PNc015, PNd120, PNf184, PNf213
23463;Radiografia Dentária;AO133, PIa108, PId107, PIe044, PNb212, PNb213, PNb225, PNb256, PNc178, PNf225
23464;Radiografia Dentária Digital;AO136, PNa214, PNa236, PNb096, PNb211, PNb224, PNc171, PNc178, PNc194, PNd164, PNe041, PNf146
23465;Radiografia Interproximal;PNe079
23467;Radiografia Panorâmica;PIa113, PIb110, PIc006, PIc108, PIc110, PId113, PIe108, PIf107, PNa221, PNa222, PNa241, PNa250, PNb223, PNb246, PNc012, PNc172, PNc195, PNd177, PNd184, PNd186, PNd190, PNe005
23510;Radiologia;PIa053, PId091, PId095, PId108, PNa089, PNa185, PNb214, PNb232, PNb234, PNd193
23516;Radioterapia;PIa111, PIf005, PNa048, PNa217, PNa223, PNa225, PNa240, PNb167, PNb218, PNb240, PNc052, PNd008, PNd239, PNe231
23522;Radioterapia de Intensidade Modulada;PNc136
23536;Raiz Dentária;PNb020
23542;Raloxifeno;AO010, AO017, PIe004
23558;Rânula;PIa114
23577;Raspagem Dentária;PId126, PIe126, PNc213, PNd232, PNe236, PNe247, PNf255
23580;Ratos;AO055, PIa001, PIa032, PIa127, PIb006, PIb008, PIb125, PIc127, PId017, PIe001, PIf121, PNc059, PNc061, PNd012, PNf009, PNf042
23601;Ratos Wistar;PIc013, PIc015, PIc056, PIc128, PId048, PNc198, PNd010, PNd209, PNe213
23611;Reabilitação Bucal;AO096, PIb100, PIe094, PIe116, PIf115, PNa183
23615;Reabsorção da Raiz;PIa110, PNa041, PNb048, PNd010, PNd125, PNd127, PNd166, PNd174, PNe041
23616;Reabsorção de Dente;AO108, PNa057
23618;Reabsorção Óssea;HA022, AO056, AO093, PIa113, PIc118, PIc124, PIe122, PNa014, PNd186, PNe229, PNe233
23633;Reação em Cadeia da Polimerase;FC016, PId031, PNd102, PNd182, PNf260
23635;Reação Enxerto-Hospedeiro;PNd221
23676;Recém-Nascido;PNa253
23705;Receptor Ativador de Fator Nuclear kappa-B;AO012, PNc205
23729;Receptor do Fator de Crescimento Epidérmico;PNa212
23761;Receptor PAR-1;PNf222
23810;Receptores CCR2;AO042
24064;Recidiva;PNd143
24108;Recursos Humanos em Odontologia;PE022, PIb136, PIc147
24110;Recursos Marinhos;PIf120
24151;Reembasadores de Dentadura;PId097, PNf203, PNf219
24176;Refluxo Gastroesofágico;AO059
24179;Reforço de Estruturas;PIf059
24189;Refrigerantes;PIa048, PNb249
24201;Regeneração;FC001, FC003, AO062, PIa005, PIa117, PNc026, PNc030, PNc052
24203;Regeneração Nervosa;PNd003, PNd006, PNe007, PNf009
24204;Regeneração Óssea;AO013, AO042, AO049, AO050, PIc126, PId008, PIe034, PIe124, PIf116, PNa102, PNc240, PNd005, PNd045, PNe232, PNe258, PNf003, PNf012, PNf013, PNf015, PNf231, PNf236, PNf254
24206;Regeneração Tecidual Guiada Periodontal;PNc227, PNf249, PNf265
24241;Registro da Relação Maxilomandibular;PNb198
24265;Regulação e Fiscalização em Saúde;PNa247
24286;Reimplante Dentário;PIf040, PNa019, PNb034, PNc007, PNe017, PNf007, PNf008
24296;Relação Central;PNa170, PNb198
24307;Relações Comunidade-Instituição;PO005
24356;Remineralização Dentária;FC006, FC013, PR003, PIa084, PId022, PId075, PIe035, PNa116, PNa150, PNc067, PNd066, PNe092, PNe140, PNf141
24366;Remodelação Óssea;AO107, PIb052, PId034, PIe048, PNa037, PNe262, PNf002, PNf252
24466;Reprodutibilidade dos Testes;PNa259, PNc066, PNe104
24496;Resíduos;PNe082
24516;Resinas;PIa063, PIf062, PNa082, PNb134, PNd091
24517;Resinas Acrílicas;PR009, PIa071, PIb068, PIb097, PIc094, PIc096, PIc097, PId092, PIe057, PIf065, PNb094, PNb102, PNb128, PNb197, PNd072, PNf182, PNf206
24518;Resinas Compostas;HA010, FC013, AO072, AO080, PIa055, PIa057, PIa060, PIa065, PIa072, PIa073, PIa081, PIa083, PIa085, PIa089, PIb066, PIb073, PIb076, PIb085, PIb088, PIc061, PIc063, PIc064, PIc065, PIc069, PIc070, PIc071, PIc075, PIc077, PIc086, PIc088, PIc120, PId065, PId072, PId086, PIe063, PIe064, PIe081, PIe083, PIf057, PIf058, PIf059, PIf063, PIf073, PIf077, PIf079, PIf082, PIf088, PNa031, PNa087, PNa089, PNa091, PNa098, PNa107, PNa118, PNa123, PNa126, PNa131, PNa132, PNa143, PNa148, PNa157, PNa158, PNa161, PNa162, PNb102, PNb108, PNb120, PNb121, PNb123, PNb132, PNb144, PNb149, PNb155, PNb157, PNb158, PNb159, PNc145, PNd151, PNe103, PNe109, PNe117, PNe119, PNe131, PNe135, PNe140, PNe153, PNe164, PNe167, PNe170, PNf078, PNf110, PNf113, PNf125, PNf127, PNf129, PNf130, PNf136, PNf139, PNf142, PNf152, PNf154, PNf155, PNf158, PNf167, PNf168, PNf169, PNf171, PNf172
24523;Resinas Sintéticas;PId066
24538;Resistência à Tração;AO031, AO076, PIa052, PIa066, PIb015, PIc018, PIc079, PId069, PId117, PIe050, PIe092, PIf097, PNa104, PNa133, PNa188, PNb116, PNb121, PNd090, PNe097, PNe099, PNe103, PNe119, PNe132, PNe189, PNe192, PNf110, PNf151, PNf159
24541;Resistência ao Cisalhamento;AO068, PIa050, PIa086, PIb049, PIb078, PIb083, PIc074, PId035, PId085, PId093, PIe049, PIe051, PIe076, PIe098, PIf054, PIf072, PIf074, PIf078, PIf098, PNa012, PNa013, PNa044, PNa055, PNa066, PNa105, PNa110, PNa126, PNa134, PNa137, PNa178, PNa180, PNa181, PNb026, PNb115, PNb117, PNb152, PNb165, PNc114, PNd021, PNd041, PNd089, PNd104, PNd135, PNd154, PNd162, PNe163, PNe187, PNf037, PNf102, PNf135, PNf147
24546;Resistência de Materiais;PIb057, PIb061, PIb069, PId069, PIe072, PIf065, PNa092, PNa096, PNa097, PNa099, PNa100, PNa103, PNa119, PNa139, PNa149, PNa157, PNb120, PNb123, PNb132, PNb152, PNb205, PNe134, PNe146, PNe148, PNe170, PNe176, PNe188, PNf115, PNf138, PNf169, PNf207
24548;Resistência Microbiana a Medicamentos;PId031
24558;Respiração Bucal;PIa051, PNb060
24570;Responsabilidade Legal;PId006, PNd248
24587;Ressuscitação Cardiopulmonar;PIa034
24588;Restauração Dentária Permanente;FC014, PId089, PIe065, PNa029, PNa117, PNa152, PNe135, PNe245, PNf106, PNf112, PNf143, PNf148
24589;Restauração Dentária Temporária;PIe019, PNe146
24590;Restaurações Intracoronárias;PNf171
24595;Resultado de Tratamento;PIa121, PIe121
24600;Retalhos Cirúrgicos;PNf224
24606;Retenção em Dentadura;PNb051
24607;Retenção em Prótese Dentária;PIf094, PNe189, PNf189
24639;Retração Gengival;PIb128, PNa033, PNc199, PNc223, PNc224, PNe245, PNe246, PNf224, PNf237, PNf263
24642;Retratamento;PIa018, PIc011, PIe010, PNc038, PNd022, PNd025, PNd039, PNd203, PNe027, PNf022
24649;Retrognatismo;PNa030, PNc113
24657;Reutilização de Equipamento;PNc123
24666;Revestimento de Dentadura;PIf100
24669;Revisão;PIb046, PIb128
24784;Ricinus communis;PIb096, PNa171, PNa209, PNe215
24824;Risco;PNd262
24841;Ritmo Circadiano;PNb005
24853;RNA Bacteriano;PNd055
24989;Ruído;PNb199, PNf111
25030;Sacarose;PNa047, PNf070
25043;Saco Dentário;AO034
25081;Saliva;HA023, AO118, AO122, AO129, PIa025, PIa030, PIa097, PIb105, PIc043, PIe032, PIe105, PIf042, PIf043, PNa059, PNa219, PNa228, PNa232, PNa235, PNa242, PNb005, PNb203, PNb235, PNb249, PNb268, PNc067, PNc077, PNc098, PNc121, PNc157, PNc235, PNc255, PNd062, PNd066, PNd084, PNd106, PNd122, PNd173, PNd235, PNd245, PNe068, PNf072, PNf075, PNf232, COL003
25082;Saliva Artificial;PIb092, PNa026, PNb131
25112;Salvia officinalis;PIc027
25144;Sangue;PNc017
25235;Satisfação do Paciente;PNa167, PNd255
25237;Satisfação no Emprego;PNc267
25238;Satisfação Pessoal;PIa139
25243;Saúde Bucal;AO101, AO109, AO142, AO144, AO145, AO154, AO160, PO003, PO009, PO010, PE020, PIa039, PIa047, PIa074, PIa095, PIa133, PIa137, PIa140, PIa145, PIa148, PIb028, PIb041, PIb043, PIb129, PIb130, PIb134, PIc039, PIc102, PIc121, PIc137, PIc138, PIc141, PId103, PId124, PId129, PId131, PId132, PId133, PId139, PId141, PIe103, PIe104, PIe131, PIe132, PIe137, PIe141, PIe144, PIe145, PIf037, PIf146, PNa005, PNa006, PNa008, PNa077, PNa081, PNa228, PNa245, PNa254, PNa263, PNa264, PNa267, PNa268, PNb168, PNb247, PNb252, PNb254, PNb258, PNb261, PNb262, PNb263, PNb266, PNc121, PNc128, PNc254, PNc257, PNc258, PNc263, PNd114, PNd179, PNd212, PNd251, PNd253, PNd257, PNd259, PNd263, PNd266
25244;Saúde da Criança;PIa036, PNb035
25246;Saúde da Família;PIe142, PNa258, PNd250
25248;Saúde da População Rural;PNe266
25252;Saúde do Adolescente;PNd260
25256;Saúde do Idoso;PNc251
25259;Saúde do Trabalhador;PIb145, PNa255, PNa263, PNc246, PNd202, PNd252, PNd256, COL008
25261;Saúde Escolar;AO143, PNc259
25269;Saúde Pública;PE009, PIa130, PIc131, PIe127, PNc081, PNc243, PNd267
25274;Saúde Suplementar;PNa247, PNc243
25336;Sedação Consciente;PId041, PNb074
25366;Segurança Alimentar e Nutricional;PNc242
25397;Seio Maxilar;AO007, PIa005, PIa117, PIe005, PIf107, PNc176, PNc179, PNf230
25406;Selantes de Fossas e Fissuras;PR006, AO113, PNb084, PNb099, PNc151, PNc156, PNd138, PNd140, PNf121, PNf122
25409;Seleção de Pacientes;PIc133
25414;Seleção Visual;PNf165
25458;Sensibilidade da Dentina;PIb071, PIb080, PIb086, PIb128, PIc022, PIc072, PIf083, PIf085, PNa144, PNa163, PNb136, PNd241, PNe238, PNf096, PNf102, PNf103
25481;Septo Nasal;AO123
25523;Serotonina;PNa227
25551;Serviço Hospitalar de Oncologia;PId140
25581;Serviços de Integração Docente-Assistencial;PO004
25586;Serviços de Saúde Bucal;AO155, PE018, PIa130, PIa131, PIa144, PIb135, PIc132, PIc135, PIc145, PNa244, PNb244, PNc243, PNd255
25589;Serviços de Saúde da Mulher;PE020
25597;Serviços de Saúde para Adolescentes;PIc121, PNf175
25599;Serviços de Saúde para Idosos;PIa132
25609;Serviços Médicos de Emergência;PIa135
25672;Silanos;PIe076, PNa091, PNa101, PNa105, PNa115, PNb089, PNb171, PNe152, PNf097
25677;Silicatos;PNe143
25682;Silicones;PIc058
25723;Sinais e Sintomas;AO009, PIf091, PNe216
25765;Síndrome da Boca Ardente;PIe114
25769;Síndrome da Disfunção da Articulação Temporomandibular;AO089, PIa091, PIa092, PIc091, PId090, PNa194, PNb168, PNb179, PNb188, PNe190, PNe219, PNf188, PNf209, PNf218
25826;Síndrome de Down;HA023, AO119, PIb055, PIe045, PNb036, PNc139, PNc228, PNd235, PNe250
25853;Síndrome de Imunodeficiência Adquirida;PNb251
387;Síndrome de Imunodeficiência Adquirida;PNd186
25961;Síndrome do Nevo Basocelular;PId112
26002;Síndrome X Metabólica;PId127
26004;Síndromes da Dor Miofascial;PIe091
26073;Sinvastatina;PIc015, PIc128, PNe091
26106;Sistema de Vigilância de Fator de Risco Comportamental;PIa045
26121;Sistema Estomatognático;PNa056, PNd121
26128;Sistema Imune;PNc212
26141;Sistema Nervoso Central;PIe001
26151;Sistema Único de Saúde;PE017, PIb130, PIc135, PIe130, PNa257, PNb243, PNc248, PNd250
26177;Sistemas de Informação;PNa261
26188;Sistemas de Liberação de Medicamentos;PNf226
26245;Sobrepeso;PO009, PIe036, PNa069
26246;Sobrevida;PNb233
26248;Sobrevivência Celular;PNa166, PNa215, PNe113, PNe151, PNf032
26275;Software;PNa174, PNd252, PNf225
26292;Soldagem em Odontologia;PNa179, PNe185, PNe192, PNe197
26312;Solubilidade;PIa015, PIa058, PIa073, PIb062, PNa158, PNe120, PNf197
26314;Solubilidade do Esmalte Dentário;PIe082
26320;Soluções;PNa158
26333;Solventes;PNb140, PNd025, PNf140
26377;Sorodiagnóstico da AIDS;PNb251, PNd126
26381;Soropositividade para HIV;PNc248
26385;Sorriso;PIf047, PNa021, PNb169, PNb178, PNd100, PNf215
26443;Staphylococcus;AO044
26444;Staphylococcus aureus;PNe243, PNf082
26477;Streptococcus anginosus;PNc091
26485;Streptococcus mutans;HA003, HA005, AO038, AO046, PIa025, PIa027, PIb026, PId027, PId061, PIe026, PIe059, PIf042, PIf045, PNb023, PNc068, PNc074, PNc157, PNd055, PNd063, PNd102, PNe073, PNe186, PNf068, PNf076, PNf089, PNf164
26576;Substitutos Ósseos;AO050, AO051
26597;Subunidade alfa do Fator 1 Induzível por Hipoxia;PNc166
26666;Suco Gástrico;PIb024, PNa114
26680;Suínos;PId003
26716;Sulfato de Cálcio;PNe156
26785;Suplementação Alimentar;PIc001, PIc002, PNd222
26803;Suscetibilidade à Cárie Dentária;PIa046, PId043, PNa059
26809;Suturas;PNe006
26826;Tabaco;AO067, PIf126, PNa111, PNc206, PNc234, PNd181, PNe247, PNf255
26829;Tabagismo;PIa073, PIa146, PIe103, PIe104, PIe128, PNd227, PNd262, PNe259
26871;Tamanho do Núcleo Celular;PId002
26890;Taninos;AO045
26963;Tecido Adiposo;PNe007
26971;Tecido Periapical;PNd164
26973;Tecidos Suporte;PNe144
26985;Técnica de Expansão Palatina;AO123, PIb052, PIb056, PId055, PNa002, PNa033, PNa062, PNb028, PNb048, PNb068, PNd007, PNd092, PNd127, PNd141, PNd147
26988;Técnica de Fundição Odontológica;PIc100
26992;Técnica de Moldagem Odontológica;PNa170, PNb180, PNe010, PNe218
26996;Técnica de Subtração;PNa214
26997;Técnica de Tipagem Bacteriana;PNf259
27002;Técnica para Retentor Intra-Radicular;HA010, PIb078, PIb084, PIe092, PIf081, PNa099, PNa139, PNa165, PNa169, PNb184, PNe029, PNe210
27014;Técnicas de Cultura de Células;FC004, AO030, AO064, PId111, PIe112, PNd197, PNe217
27031;Técnicas de Estimativa;PNa250, PNb246
27061;Técnicas Microbiológicas;AO037
27075;Tecnologia da Informação;PNc119
27106;Telemedicina;PNb230
27111;Telerradiologia;PNd124
27127;Temperatura Ambiente;PId080, PIe061
27130;Temperatura de Transição;PNa004
27140;Tempo;PNc072
27197;Terapêutica;PIf034, PNc181, PNd241
27199;Terapia a Laser;PNe231, PNf149
27200;Terapia a Laser de Baixa Intensidade;AO139, PIa102, PIa103, PIc091, PIe003, PIf007, PNa002, PNa027, PNa049, PNa087, PNc224, PNd006, PNd031, PNd167, PNe014, PNe050, PNe107, PNe198, PNe219, PNf006, PNf011, PNf074, PNf223, PNf231, PNf237, PNf252, PNf254
27254;Terapias Alternativas;PNf188
27255;Terapias Complementares;PIf031, PNf066
27276;Teriparatida;PNf236
27336;Teste de Materiais;AO024, AO076, PIa049, PIb019, PIc049, PIc052, PIc057, PId049, PNa092, PNb095, PNb132, PNd017, PNd021, PNe020, PNf042, PNf052, PNf219
27361;Testes de Atividade de Cárie Dentária;PIe042, PNc116
27365;Testes de Dureza;AO087, PIa075, PIc040, PIc064, PIc069, PIc098, PId045, PId098, PIf057, PIf059, PIf064, PNa120, PNa136, PNb061, PNb084, PNb109, PNb157, PNc091, PNc237, PNd151, PNe085, PNe115, PNe127, PNf094, PNf139, PNf152
27391;Testes de Mutagenicidade;PIc016
27400;Testes de Sensibilidade a Antimicrobianos por Disco-Difusão;AO044
27401;Testes de Sensibilidade Microbiana;PId040, PNb046
27403;Testes de Toxicidade;PId029, PNa088, PNb015, PNb016, PNb189
27404;Testes de Toxicidade Aguda;PIc028
27410;Testes Imunológicos de Citotoxicidade;PNf063, PNf085
27413;Testes Laboratoriais;PNb129
27416;Testes para Micronúcleos;FC018, PIb031, PIf101, PNa111
27423;Testosterona;PIa124, PNc173, PNc207, PNe234
27590;Timol;PId025, PNb131, PNc068, PNd058, PNf071
27693;Titânio;PR011, PR012, PR013, PIa118, PId059, PIe059, PIf067, PNa067, PNb174, PNb202, PNc063, PNd132, PNd226, PNe242, PNf228, COL007
27734;Tomografia;PNb008, PNb085, PNc045, PNd128, PNf029
27737;Tomografia Computadorizada de Feixe Cônico;HA019, AO014, AO107, AO135, AO137, PIa012, PIa109, PIa110, PIb004, PIb018, PIb109, PIc008, PIc108, PId007, PId108, PId109, PId116, PIe012, PIe013, PIe107, PIf109, PNa002, PNa017, PNa022, PNa025, PNa033, PNa038, PNa057, PNa062, PNa080, PNa221, PNa230, PNa237, PNa241, PNb006, PNb028, PNb057, PNb068, PNb072, PNb082, PNb212, PNb214, PNb241, PNc004, PNc012, PNc168, PNc176, PNc179, PNc182, PNc188, PNc189, PNc191, PNc194, PNc196, PNc201, PNc218, PNc232, PNc239, PNd015, PNd023, PNd050, PNd109, PNd125, PNd141, PNd166, PNd172, PNd174, PNd175, PNd184, PNd185, PNd189, PNd192, PNd213, PNd233, PNe035, PNe182, PNe249, PNf045
27738;Tomografia Computadorizada de Feixe Cônico Espiral;AO127
27740;Tomografia Computadorizada por Raios X;AO029, PIb020, PIf010, PNc033, PNd164, PNe031
27741;Tomografia de Coerência Óptica;PNd059
27745;Tomógrafos Computadorizados;PNf210
27757;Topografia;PNa082
27774;Torção Mecânica;PNf058
27785;Torque;PR014, PIa125, PIe066, PNa035, PNa074, PNa200, PNb173, PNd093, PNd224, PNe199, PNe207, PNf199
27806;Toxicidade;FC015, PR008, AO106, PId064, PNa054, PNa173, PNa176, PNf082, PNf109
27819;Toxina Botulínica Tipo A;PNd100
27847;Trabalhadores;PIb143
27848;Trabalhadores Rurais;PIc107, PIe106, PIf106
27855;Trabalho de Parto Prematuro;PO013
27864;Tração;PNb087, PNb155, PNf183
27866;Traço Falciforme;PNb256
27879;Tramadol;PNf186
27972;Transplante de Células-Tronco Hematopoéticas;PIc102, PIc111, PNd179, PNe260
27979;Transplante de Medula Óssea;PIa102, PIa103, PIa105, PNd178
27985;Transplante de Rim;PIa140, PNb250
27993;Transplante Ósseo;PIf007, PNf002
28047;Transtorno Autístico;PNa266
28052;Transtorno da Falta de Atenção com Hiperatividade;PNa268, PNb035
28065;Transtorno Depressivo;PNf195
28077;Transtornos Craniomandibulares;PNf218
28080;Transtornos da Alimentação;AO153
28082;Transtornos da Articulação Temporomandibular;AO088, PId091, PIe090, PIe091, PIf090, PNa174, PNa189, PNa193, PNa194, PNa199, PNa203, PNa259, PNb022, PNc008, PNd254, PNe198, PNe216, PNf195, PNf218
28139;Transtornos do Sono;PNa043, PNa056
28159;Transtornos Motores;PIa044
28182;Transtornos Somatoformes;PNd254
28206;Tratamento do Canal Radicular;AO027, PIa059, PIa062, PIe074, PIf016, PNc019, PNc036, PNc047, PNe028, PNe056, PNe060, PNf021, PNf030, PNf047, PNf058, PNf104
28213;Tratamento Térmico;PIc098, PNb145, PNe019, PNf097, PNf177
28226;Traumatismo Múltiplo;PNa061
28238;Traumatismos Dentários;AO117, PIa011, PIa036, PIa042, PIa043, PIa064, PIb036, PIb134, PIc035, PId012, PId036, PId136, PId137, PId143, PIe008, PIe136, PIf035, PNa010, PNa011, PNa043, PNa243, PNb004, PNb033, PNb039, PNb217, PNc086, PNc150, PNc250, PNc253, PNc254, PNd010, PNd012, PNd095, PNd130, PNd246, PNd247
28252;Traumatismos em Atletas;PId063
28255;Traumatismos Faciais;PIb139, PIc139, PId138, PIf137, PNa265, PNc264, PNd009
28256;Traumatismos Mandibulares;PNe002
28257;Traumatismos Maxilofaciais;PIc007
28281;Treponema;PIf019
28332;Triclosan;PIf117, PNc208, PNd064, PNe006, PNe223, PNe227, PNe243
28402;Triptases;PIe114, PNd165
28413;Trismo;PNc011
28574;Tubulações de Polietileno;PIc067
28629;Tumores Odontogênicos;AO140, PId112, PId114, PNa231, PNa239, PNc169
28686;Ultra-Som;AO018, PIc089, PIf020, PNa234, PNd033, PNd042, PNe024, PNf023
28707;Unha-de-Gato;PNb189
28722;Unidades de Terapia Intensiva;PId120, PId124, PNd225
28751;Universidades;PIf095
28833;Uso de Medicamentos;AO160, PIc133, PId110, PNc071, PNe081
28951;Vácuo;PNa096
28974;Validação de Programas de Computador;PIa056
29016;Variação (Genética);PNc148
29183;Vértebras Cervicais;PNb058, PNc120, PNc140, PNc155, PNc160, PNd082, PNd085, PNd120
29226;Viabilidade Microbiana;PNc068, PNf071
29239;Vibração;PNf100
29266;Vida Livre de Germes;PNe064
29269;Vidro;AO072
29285;Vigilância Sanitária;AO156
29303;Vinho;PNd208
29310;Violência;PId138, PIe140, PIf137, PNa015, PNd260
29312;Violência Doméstica;PIa136, PNc264
29359;Vírus da Dengue;PNb268
29539;Viscosidade;PNe103
29546;Visita Domiciliar;PIe131
29557;Vitamina D;PIa125, PIb125
29564;Vitaminas;PNf226
29577;Vitis;PNd062
29596;Volatilização;PIa080
29693;Xerostomia;AO161, PIe144, PIe146, PNa048, PNa217, PNa223, PNa235
29700;Xilitol;PR003
29741;Zigoma;PIe097
29769;Zircônio;PIb057, PIe079, PNa128, PNa178, PNf199, PNf207
29780;Zona de Fratura;AO095
29781;Zona de Risco;PNc036
29817;Zumbido;PNa193
